pixel_1;pixel_2;pixel_3;pixel_4;pixel_5;pixel_6;pixel_7;pixel_8;pixel_9;pixel_10;pixel_11;pixel_12;pixel_13;pixel_14;pixel_15;pixel_16;pixel_17;pixel_18;pixel_19;pixel_20;pixel_21;pixel_22;pixel_23;pixel_24;pixel_25;pixel_26;pixel_27;pixel_28;pixel_29;pixel_30;pixel_31;pixel_32;pixel_33;pixel_34;pixel_35;pixel_36;pixel_37;pixel_38;pixel_39;pixel_40;pixel_41;pixel_42;pixel_43;pixel_44;pixel_45;pixel_46;pixel_47;pixel_48;pixel_49;pixel_50;pixel_51;pixel_52;pixel_53;pixel_54;pixel_55;pixel_56;pixel_57;pixel_58;pixel_59;pixel_60;pixel_61;pixel_62;pixel_63;pixel_64;target
255.0;255.0;255.0;93.0;93.0;255.0;255.0;255.0;255.0;102.0;68.0;68.0;79.0;66.0;159.0;255.0;255.0;71.0;46.0;35.0;35.0;45.0;92.0;255.0;133.0;68.0;38.0;39.0;47.0;34.0;84.0;140.0;140.0;66.0;36.0;38.0;37.0;34.0;79.0;135.0;255.0;74.0;53.0;35.0;35.0;45.0;98.0;255.0;255.0;167.0;51.0;39.0;43.0;85.0;129.0;255.0;255.0;255.0;255.0;127.0;123.0;255.0;255.0;255.0;0.0
255.0;255.0;255.0;122.0;120.0;255.0;255.0;255.0;255.0;140.0;68.0;58.0;57.0;65.0;116.0;255.0;255.0;71.0;76.0;34.0;33.0;43.0;79.0;255.0;183.0;68.0;35.0;40.0;39.0;34.0;108.0;118.0;150.0;67.0;37.0;39.0;38.0;34.0;73.0;158.0;255.0;81.0;73.0;35.0;36.0;57.0;101.0;255.0;255.0;157.0;92.0;93.0;43.0;88.0;168.0;255.0;255.0;255.0;255.0;162.0;154.0;255.0;255.0;255.0;0.0
255.0;255.0;255.0;136.0;140.0;255.0;255.0;255.0;255.0;123.0;67.0;68.0;106.0;98.0;123.0;255.0;255.0;70.0;65.0;33.0;32.0;57.0;102.0;255.0;139.0;67.0;32.0;41.0;37.0;34.0;70.0;87.0;125.0;72.0;34.0;37.0;39.0;35.0;78.0;93.0;255.0;77.0;64.0;35.0;33.0;71.0;83.0;255.0;255.0;104.0;55.0;39.0;39.0;73.0;102.0;255.0;255.0;255.0;255.0;117.0;126.0;255.0;255.0;255.0;0.0
255.0;255.0;255.0;137.0;142.0;255.0;255.0;255.0;255.0;139.0;63.0;62.0;60.0;61.0;113.0;255.0;255.0;68.0;47.0;34.0;33.0;41.0;86.0;255.0;132.0;71.0;37.0;38.0;38.0;33.0;75.0;97.0;136.0;69.0;37.0;38.0;40.0;33.0;67.0;94.0;255.0;75.0;59.0;34.0;34.0;50.0;136.0;255.0;255.0;120.0;69.0;41.0;36.0;139.0;115.0;255.0;255.0;255.0;255.0;128.0;122.0;255.0;255.0;255.0;0.0
255.0;255.0;255.0;172.0;175.0;255.0;255.0;255.0;255.0;166.0;57.0;59.0;59.0;61.0;165.0;255.0;255.0;80.0;67.0;35.0;31.0;47.0;65.0;255.0;167.0;78.0;35.0;37.0;42.0;33.0;64.0;106.0;165.0;117.0;34.0;35.0;35.0;34.0;74.0;97.0;255.0;94.0;52.0;37.0;35.0;53.0;110.0;255.0;255.0;194.0;100.0;44.0;36.0;92.0;109.0;255.0;255.0;255.0;255.0;162.0;132.0;255.0;255.0;255.0;0.0
255.0;255.0;255.0;115.0;112.0;255.0;255.0;255.0;255.0;154.0;72.0;85.0;83.0;98.0;94.0;255.0;255.0;85.0;40.0;32.0;35.0;45.0;91.0;255.0;129.0;63.0;34.0;36.0;39.0;33.0;85.0;101.0;131.0;64.0;34.0;36.0;37.0;34.0;68.0;116.0;255.0;100.0;42.0;34.0;35.0;54.0;69.0;255.0;255.0;126.0;65.0;39.0;35.0;69.0;121.0;255.0;255.0;255.0;255.0;114.0;109.0;255.0;255.0;255.0;0.0
255.0;255.0;255.0;131.0;137.0;255.0;255.0;255.0;255.0;141.0;63.0;63.0;62.0;63.0;136.0;255.0;255.0;74.0;71.0;36.0;34.0;58.0;68.0;255.0;144.0;62.0;36.0;49.0;39.0;34.0;65.0;122.0;133.0;90.0;37.0;38.0;37.0;35.0;111.0;127.0;255.0;82.0;79.0;35.0;34.0;83.0;104.0;255.0;255.0;126.0;79.0;61.0;67.0;87.0;118.0;255.0;255.0;255.0;255.0;104.0;82.0;255.0;255.0;255.0;0.0
255.0;255.0;255.0;143.0;144.0;255.0;255.0;255.0;255.0;156.0;60.0;59.0;67.0;100.0;116.0;255.0;255.0;68.0;46.0;36.0;34.0;37.0;99.0;255.0;144.0;71.0;35.0;39.0;38.0;33.0;68.0;92.0;147.0;73.0;35.0;38.0;39.0;34.0;66.0;69.0;255.0;79.0;73.0;36.0;35.0;47.0;104.0;255.0;255.0;138.0;63.0;83.0;79.0;120.0;93.0;255.0;255.0;255.0;255.0;115.0;144.0;255.0;255.0;255.0;0.0
255.0;255.0;255.0;144.0;146.0;255.0;255.0;255.0;255.0;153.0;61.0;57.0;55.0;60.0;133.0;255.0;255.0;69.0;68.0;34.0;33.0;58.0;66.0;255.0;150.0;86.0;34.0;38.0;40.0;35.0;63.0;124.0;139.0;111.0;34.0;36.0;39.0;33.0;65.0;113.0;255.0;92.0;55.0;35.0;34.0;43.0;67.0;255.0;255.0;89.0;67.0;36.0;36.0;120.0;116.0;255.0;255.0;255.0;255.0;86.0;89.0;255.0;255.0;255.0;0.0
255.0;255.0;255.0;114.0;136.0;255.0;255.0;255.0;255.0;98.0;64.0;57.0;60.0;61.0;131.0;255.0;255.0;70.0;46.0;32.0;33.0;38.0;72.0;255.0;114.0;62.0;36.0;40.0;44.0;34.0;75.0;117.0;109.0;67.0;36.0;45.0;43.0;34.0;89.0;112.0;255.0;90.0;43.0;36.0;35.0;43.0;105.0;255.0;255.0;121.0;75.0;60.0;65.0;108.0;87.0;255.0;255.0;255.0;255.0;118.0;107.0;255.0;255.0;255.0;0.0
255.0;255.0;255.0;154.0;161.0;255.0;255.0;255.0;255.0;165.0;61.0;58.0;61.0;60.0;148.0;255.0;255.0;66.0;58.0;34.0;34.0;44.0;67.0;255.0;147.0;72.0;37.0;39.0;37.0;33.0;65.0;138.0;114.0;88.0;35.0;38.0;38.0;32.0;64.0;145.0;255.0;125.0;43.0;35.0;34.0;40.0;97.0;255.0;255.0;68.0;86.0;43.0;37.0;84.0;123.0;255.0;255.0;255.0;255.0;60.0;65.0;255.0;255.0;255.0;0.0
255.0;255.0;255.0;143.0;150.0;255.0;255.0;255.0;255.0;146.0;66.0;66.0;93.0;97.0;131.0;255.0;255.0;70.0;39.0;35.0;34.0;37.0;104.0;255.0;152.0;70.0;34.0;39.0;37.0;34.0;84.0;117.0;132.0;70.0;37.0;37.0;37.0;35.0;89.0;133.0;255.0;131.0;61.0;38.0;34.0;44.0;84.0;255.0;255.0;127.0;62.0;56.0;48.0;76.0;140.0;255.0;255.0;255.0;255.0;131.0;129.0;255.0;255.0;255.0;0.0
255.0;255.0;255.0;160.0;154.0;255.0;255.0;255.0;255.0;200.0;63.0;58.0;69.0;72.0;144.0;255.0;255.0;67.0;72.0;36.0;34.0;51.0;66.0;255.0;169.0;63.0;36.0;41.0;40.0;34.0;79.0;153.0;140.0;69.0;35.0;39.0;36.0;34.0;119.0;166.0;255.0;104.0;57.0;35.0;35.0;44.0;110.0;255.0;255.0;73.0;117.0;46.0;38.0;123.0;147.0;255.0;255.0;255.0;255.0;68.0;80.0;255.0;255.0;255.0;0.0
255.0;255.0;255.0;137.0;146.0;255.0;255.0;255.0;255.0;138.0;71.0;63.0;82.0;84.0;133.0;255.0;255.0;78.0;41.0;34.0;33.0;38.0;73.0;255.0;140.0;71.0;36.0;40.0;37.0;33.0;89.0;109.0;133.0;63.0;34.0;38.0;38.0;34.0;89.0;103.0;255.0;78.0;50.0;36.0;33.0;41.0;72.0;255.0;255.0;130.0;66.0;53.0;51.0;87.0;99.0;255.0;255.0;255.0;255.0;126.0;118.0;255.0;255.0;255.0;0.0
255.0;255.0;255.0;142.0;137.0;255.0;255.0;255.0;255.0;159.0;58.0;55.0;58.0;66.0;120.0;255.0;255.0;66.0;44.0;31.0;33.0;37.0;113.0;255.0;154.0;72.0;36.0;44.0;40.0;34.0;67.0;113.0;147.0;73.0;34.0;45.0;38.0;36.0;65.0;119.0;255.0;82.0;44.0;34.0;34.0;39.0;135.0;255.0;255.0;108.0;68.0;98.0;39.0;94.0;123.0;255.0;255.0;255.0;255.0;90.0;102.0;255.0;255.0;255.0;0.0
255.0;255.0;255.0;107.0;103.0;255.0;255.0;255.0;255.0;142.0;58.0;57.0;66.0;90.0;112.0;255.0;255.0;63.0;64.0;33.0;33.0;42.0;113.0;255.0;192.0;72.0;35.0;43.0;38.0;35.0;67.0;150.0;174.0;73.0;37.0;38.0;38.0;36.0;67.0;182.0;255.0;74.0;41.0;34.0;36.0;39.0;81.0;255.0;255.0;113.0;50.0;39.0;95.0;77.0;137.0;255.0;255.0;255.0;255.0;71.0;79.0;255.0;255.0;255.0;0.0
255.0;255.0;255.0;118.0;132.0;255.0;255.0;255.0;255.0;139.0;64.0;58.0;59.0;65.0;133.0;255.0;255.0;65.0;44.0;36.0;34.0;43.0;72.0;255.0;126.0;68.0;36.0;40.0;36.0;34.0;77.0;122.0;125.0;70.0;36.0;37.0;40.0;35.0;69.0;124.0;255.0;92.0;59.0;36.0;35.0;59.0;102.0;255.0;255.0;117.0;84.0;65.0;37.0;109.0;123.0;255.0;255.0;255.0;255.0;100.0;101.0;255.0;255.0;255.0;0.0
255.0;255.0;255.0;134.0;129.0;255.0;255.0;255.0;255.0;164.0;57.0;59.0;59.0;61.0;129.0;255.0;255.0;67.0;39.0;33.0;33.0;36.0;84.0;255.0;144.0;70.0;34.0;36.0;37.0;33.0;89.0;118.0;146.0;69.0;34.0;39.0;37.0;32.0;68.0;126.0;255.0;88.0;40.0;34.0;34.0;39.0;128.0;255.0;255.0;112.0;93.0;44.0;42.0;129.0;129.0;255.0;255.0;255.0;255.0;93.0;104.0;255.0;255.0;255.0;0.0
255.0;255.0;255.0;147.0;144.0;255.0;255.0;255.0;255.0;150.0;62.0;68.0;57.0;72.0;140.0;255.0;255.0;63.0;43.0;36.0;35.0;44.0;137.0;255.0;154.0;69.0;37.0;37.0;39.0;34.0;72.0;138.0;147.0;72.0;35.0;36.0;36.0;32.0;68.0;118.0;255.0;109.0;57.0;36.0;34.0;45.0;89.0;255.0;255.0;90.0;60.0;51.0;69.0;111.0;104.0;255.0;255.0;255.0;255.0;65.0;67.0;255.0;255.0;255.0;0.0
255.0;255.0;255.0;136.0;140.0;255.0;255.0;255.0;255.0;201.0;61.0;64.0;61.0;63.0;151.0;255.0;255.0;70.0;50.0;33.0;34.0;47.0;67.0;255.0;155.0;62.0;34.0;40.0;39.0;35.0;64.0;164.0;119.0;110.0;34.0;36.0;36.0;34.0;77.0;168.0;255.0;75.0;57.0;33.0;33.0;72.0;121.0;255.0;255.0;74.0;95.0;67.0;61.0;95.0;172.0;255.0;255.0;255.0;255.0;72.0;83.0;255.0;255.0;255.0;0.0
255.0;255.0;255.0;104.0;110.0;255.0;255.0;255.0;255.0;135.0;92.0;63.0;63.0;63.0;132.0;255.0;255.0;106.0;47.0;35.0;33.0;47.0;67.0;255.0;121.0;112.0;34.0;40.0;46.0;35.0;67.0;141.0;139.0;101.0;37.0;40.0;43.0;32.0;65.0;132.0;255.0;86.0;40.0;34.0;35.0;37.0;70.0;255.0;255.0;131.0;66.0;61.0;45.0;83.0;120.0;255.0;255.0;255.0;255.0;105.0;105.0;255.0;255.0;255.0;0.0
255.0;255.0;255.0;94.0;113.0;255.0;255.0;255.0;255.0;119.0;62.0;54.0;65.0;78.0;134.0;255.0;255.0;69.0;41.0;33.0;32.0;38.0;81.0;255.0;156.0;62.0;35.0;37.0;34.0;35.0;98.0;139.0;151.0;63.0;34.0;35.0;40.0;32.0;79.0;135.0;255.0;84.0;38.0;35.0;32.0;38.0;83.0;255.0;255.0;143.0;52.0;83.0;109.0;98.0;111.0;255.0;255.0;255.0;255.0;123.0;112.0;255.0;255.0;255.0;0.0
255.0;255.0;255.0;144.0;152.0;255.0;255.0;255.0;255.0;129.0;62.0;58.0;58.0;59.0;152.0;255.0;255.0;69.0;39.0;34.0;35.0;41.0;67.0;255.0;137.0;68.0;33.0;38.0;38.0;32.0;70.0;137.0;126.0;107.0;34.0;35.0;37.0;35.0;65.0;131.0;255.0;124.0;36.0;33.0;34.0;58.0;87.0;255.0;255.0;152.0;64.0;37.0;33.0;100.0;121.0;255.0;255.0;255.0;255.0;133.0;139.0;255.0;255.0;255.0;0.0
255.0;255.0;255.0;109.0;124.0;255.0;255.0;255.0;255.0;106.0;60.0;56.0;60.0;65.0;120.0;255.0;255.0;68.0;54.0;34.0;34.0;60.0;74.0;255.0;117.0;61.0;34.0;36.0;37.0;34.0;72.0;105.0;103.0;61.0;33.0;34.0;36.0;33.0;70.0;120.0;255.0;89.0;41.0;35.0;33.0;72.0;107.0;255.0;255.0;110.0;91.0;37.0;45.0;94.0;110.0;255.0;255.0;255.0;255.0;103.0;110.0;255.0;255.0;255.0;0.0
255.0;255.0;255.0;194.0;195.0;255.0;255.0;255.0;255.0;208.0;59.0;64.0;60.0;63.0;116.0;255.0;255.0;64.0;60.0;33.0;34.0;71.0;90.0;255.0;198.0;71.0;33.0;36.0;39.0;36.0;77.0;69.0;200.0;76.0;33.0;36.0;37.0;35.0;68.0;64.0;255.0;90.0;67.0;34.0;33.0;54.0;133.0;255.0;255.0;172.0;100.0;39.0;70.0;131.0;71.0;255.0;255.0;255.0;255.0;185.0;128.0;255.0;255.0;255.0;0.0
255.0;255.0;255.0;124.0;136.0;255.0;255.0;255.0;255.0;137.0;59.0;56.0;60.0;64.0;149.0;255.0;255.0;65.0;49.0;34.0;33.0;41.0;80.0;255.0;153.0;65.0;33.0;42.0;37.0;32.0;80.0;133.0;144.0;59.0;35.0;37.0;36.0;35.0;81.0;130.0;255.0;103.0;41.0;33.0;33.0;55.0;104.0;255.0;255.0;104.0;72.0;71.0;74.0;96.0;110.0;255.0;255.0;255.0;255.0;87.0;90.0;255.0;255.0;255.0;0.0
255.0;255.0;255.0;143.0;147.0;255.0;255.0;255.0;255.0;145.0;56.0;66.0;68.0;69.0;130.0;255.0;255.0;75.0;48.0;34.0;33.0;67.0;88.0;255.0;138.0;65.0;34.0;37.0;38.0;34.0;73.0;108.0;129.0;64.0;34.0;35.0;37.0;34.0;76.0;99.0;255.0;107.0;36.0;33.0;32.0;63.0;71.0;255.0;255.0;113.0;74.0;95.0;100.0;71.0;105.0;255.0;255.0;255.0;255.0;107.0;118.0;255.0;255.0;255.0;0.0
255.0;255.0;255.0;155.0;150.0;255.0;255.0;255.0;255.0;154.0;58.0;64.0;59.0;56.0;142.0;255.0;255.0;60.0;70.0;35.0;34.0;69.0;62.0;255.0;140.0;77.0;38.0;37.0;37.0;33.0;73.0;136.0;109.0;62.0;34.0;35.0;35.0;34.0;68.0;125.0;255.0;80.0;39.0;34.0;33.0;37.0;102.0;255.0;255.0;83.0;108.0;69.0;70.0;80.0;130.0;255.0;255.0;255.0;255.0;65.0;90.0;255.0;255.0;255.0;0.0
255.0;255.0;255.0;193.0;190.0;255.0;255.0;255.0;255.0;183.0;61.0;57.0;59.0;61.0;186.0;255.0;255.0;69.0;37.0;35.0;35.0;49.0;64.0;255.0;182.0;66.0;35.0;35.0;38.0;31.0;84.0;122.0;180.0;62.0;35.0;32.0;37.0;33.0;69.0;87.0;255.0;142.0;55.0;35.0;33.0;69.0;95.0;255.0;255.0;152.0;86.0;38.0;80.0;133.0;67.0;255.0;255.0;255.0;255.0;82.0;64.0;255.0;255.0;255.0;0.0
255.0;255.0;255.0;112.0;131.0;255.0;255.0;255.0;255.0;154.0;57.0;56.0;57.0;60.0;134.0;255.0;255.0;67.0;49.0;34.0;33.0;39.0;78.0;255.0;166.0;60.0;35.0;40.0;38.0;34.0;70.0;126.0;143.0;64.0;37.0;36.0;35.0;33.0;73.0;139.0;255.0;97.0;41.0;34.0;35.0;38.0;108.0;255.0;255.0;114.0;85.0;66.0;70.0;111.0;103.0;255.0;255.0;255.0;255.0;81.0;69.0;255.0;255.0;255.0;0.0
255.0;255.0;255.0;146.0;158.0;255.0;255.0;255.0;255.0;158.0;64.0;59.0;71.0;61.0;184.0;255.0;255.0;66.0;55.0;35.0;33.0;45.0;67.0;255.0;168.0;70.0;35.0;38.0;34.0;34.0;66.0;188.0;146.0;83.0;35.0;37.0;35.0;35.0;68.0;172.0;255.0;94.0;65.0;35.0;33.0;60.0;129.0;255.0;255.0;77.0;74.0;64.0;62.0;120.0;111.0;255.0;255.0;255.0;255.0;58.0;62.0;255.0;255.0;255.0;0.0
255.0;255.0;255.0;131.0;148.0;255.0;255.0;255.0;255.0;120.0;69.0;59.0;60.0;61.0;167.0;255.0;255.0;73.0;48.0;34.0;35.0;52.0;68.0;255.0;138.0;69.0;37.0;40.0;40.0;34.0;89.0;129.0;151.0;63.0;37.0;39.0;37.0;35.0;74.0;121.0;255.0;81.0;46.0;35.0;35.0;43.0;117.0;255.0;255.0;144.0;68.0;100.0;64.0;116.0;97.0;255.0;255.0;255.0;255.0;100.0;86.0;255.0;255.0;255.0;0.0
255.0;255.0;255.0;115.0;125.0;255.0;255.0;255.0;255.0;128.0;63.0;55.0;57.0;64.0;130.0;255.0;255.0;71.0;56.0;33.0;33.0;41.0;76.0;255.0;153.0;61.0;37.0;38.0;42.0;33.0;72.0;142.0;144.0;68.0;37.0;36.0;37.0;36.0;93.0;124.0;255.0;95.0;41.0;37.0;34.0;38.0;94.0;255.0;255.0;81.0;75.0;69.0;79.0;115.0;102.0;255.0;255.0;255.0;255.0;67.0;62.0;255.0;255.0;255.0;0.0
255.0;255.0;255.0;138.0;143.0;255.0;255.0;255.0;255.0;134.0;60.0;55.0;57.0;59.0;119.0;255.0;255.0;75.0;45.0;32.0;34.0;51.0;65.0;255.0;135.0;79.0;35.0;38.0;37.0;35.0;64.0;118.0;121.0;108.0;33.0;35.0;35.0;34.0;62.0;122.0;255.0;164.0;40.0;34.0;32.0;42.0;79.0;255.0;255.0;99.0;97.0;84.0;54.0;91.0;126.0;255.0;255.0;255.0;255.0;90.0;94.0;255.0;255.0;255.0;0.0
255.0;255.0;255.0;144.0;141.0;255.0;255.0;255.0;255.0;139.0;61.0;57.0;59.0;64.0;129.0;255.0;255.0;71.0;41.0;33.0;34.0;41.0;75.0;255.0;141.0;62.0;33.0;38.0;35.0;33.0;79.0;126.0;138.0;67.0;34.0;40.0;36.0;33.0;93.0;115.0;255.0;89.0;40.0;35.0;33.0;42.0;90.0;255.0;255.0;86.0;91.0;54.0;77.0;132.0;109.0;255.0;255.0;255.0;255.0;95.0;106.0;255.0;255.0;255.0;0.0
255.0;255.0;255.0;189.0;208.0;255.0;255.0;255.0;255.0;214.0;61.0;62.0;65.0;63.0;117.0;255.0;255.0;65.0;59.0;42.0;32.0;46.0;94.0;255.0;215.0;69.0;36.0;37.0;40.0;33.0;90.0;84.0;207.0;98.0;36.0;34.0;37.0;37.0;69.0;85.0;255.0;104.0;68.0;34.0;34.0;50.0;124.0;255.0;255.0;175.0;54.0;40.0;39.0;100.0;102.0;255.0;255.0;255.0;255.0;211.0;158.0;255.0;255.0;255.0;0.0
255.0;255.0;255.0;137.0;138.0;255.0;255.0;255.0;255.0;128.0;62.0;56.0;58.0;62.0;115.0;255.0;255.0;68.0;44.0;33.0;33.0;43.0;69.0;255.0;135.0;63.0;34.0;37.0;37.0;35.0;89.0;77.0;124.0;61.0;34.0;36.0;37.0;35.0;82.0;80.0;255.0;94.0;49.0;33.0;34.0;39.0;120.0;255.0;255.0;124.0;83.0;64.0;66.0;117.0;95.0;255.0;255.0;255.0;255.0;123.0;106.0;255.0;255.0;255.0;0.0
255.0;255.0;255.0;103.0;117.0;255.0;255.0;255.0;255.0;93.0;60.0;56.0;58.0;60.0;136.0;255.0;255.0;72.0;46.0;34.0;33.0;58.0;67.0;255.0;113.0;63.0;33.0;40.0;34.0;33.0;70.0;131.0;119.0;82.0;35.0;41.0;37.0;32.0;76.0;130.0;255.0;124.0;43.0;35.0;32.0;42.0;96.0;255.0;255.0;122.0;110.0;50.0;48.0;117.0;125.0;255.0;255.0;255.0;255.0;93.0;104.0;255.0;255.0;255.0;0.0
255.0;255.0;255.0;148.0;145.0;255.0;255.0;255.0;255.0;132.0;70.0;60.0;59.0;65.0;142.0;255.0;255.0;70.0;41.0;34.0;35.0;40.0;68.0;255.0;152.0;83.0;37.0;37.0;44.0;35.0;65.0;148.0;149.0;110.0;37.0;36.0;38.0;36.0;72.0;144.0;255.0;110.0;52.0;36.0;35.0;39.0;90.0;255.0;255.0;99.0;130.0;47.0;65.0;100.0;120.0;255.0;255.0;255.0;255.0;77.0;75.0;255.0;255.0;255.0;0.0
255.0;255.0;255.0;118.0;122.0;255.0;255.0;255.0;255.0;126.0;65.0;56.0;60.0;60.0;144.0;255.0;255.0;72.0;46.0;36.0;33.0;42.0;66.0;255.0;156.0;75.0;35.0;37.0;39.0;33.0;67.0;141.0;138.0;109.0;35.0;35.0;36.0;34.0;75.0;130.0;255.0;119.0;40.0;33.0;34.0;41.0;82.0;255.0;255.0;147.0;113.0;38.0;37.0;102.0;106.0;255.0;255.0;255.0;255.0;108.0;98.0;255.0;255.0;255.0;0.0
255.0;255.0;255.0;176.0;169.0;255.0;255.0;255.0;255.0;193.0;62.0;61.0;61.0;65.0;161.0;255.0;255.0;71.0;70.0;32.0;33.0;48.0;81.0;255.0;153.0;73.0;37.0;41.0;36.0;34.0;76.0;156.0;136.0;71.0;35.0;35.0;34.0;34.0;66.0;159.0;255.0;104.0;54.0;33.0;33.0;48.0;120.0;255.0;255.0;95.0;97.0;41.0;37.0;95.0;183.0;255.0;255.0;255.0;255.0;101.0;141.0;255.0;255.0;255.0;0.0
255.0;255.0;255.0;101.0;112.0;255.0;255.0;255.0;255.0;120.0;75.0;64.0;61.0;64.0;130.0;255.0;255.0;72.0;46.0;34.0;32.0;57.0;66.0;255.0;177.0;108.0;34.0;36.0;37.0;35.0;66.0;149.0;166.0;109.0;33.0;38.0;40.0;35.0;64.0;164.0;255.0;122.0;50.0;34.0;34.0;56.0;67.0;255.0;255.0;117.0;106.0;65.0;123.0;96.0;129.0;255.0;255.0;255.0;255.0;95.0;94.0;255.0;255.0;255.0;0.0
255.0;255.0;255.0;128.0;134.0;255.0;255.0;255.0;255.0;133.0;65.0;55.0;58.0;68.0;130.0;255.0;255.0;66.0;56.0;39.0;35.0;43.0;106.0;255.0;144.0;67.0;35.0;36.0;39.0;33.0;82.0;114.0;139.0;69.0;34.0;35.0;38.0;33.0;70.0;110.0;255.0;96.0;41.0;33.0;33.0;44.0;103.0;255.0;255.0;87.0;71.0;56.0;35.0;74.0;119.0;255.0;255.0;255.0;255.0;83.0;85.0;255.0;255.0;255.0;0.0
255.0;255.0;255.0;136.0;131.0;255.0;255.0;255.0;255.0;131.0;61.0;66.0;72.0;97.0;103.0;255.0;255.0;68.0;38.0;33.0;32.0;42.0;105.0;255.0;139.0;65.0;35.0;37.0;38.0;35.0;73.0;99.0;126.0;68.0;34.0;35.0;40.0;34.0;77.0;99.0;255.0;115.0;42.0;33.0;35.0;72.0;84.0;255.0;255.0;105.0;49.0;61.0;86.0;108.0;95.0;255.0;255.0;255.0;255.0;118.0;114.0;255.0;255.0;255.0;0.0
255.0;255.0;255.0;159.0;149.0;255.0;255.0;255.0;255.0;158.0;63.0;53.0;53.0;72.0;165.0;255.0;255.0;68.0;51.0;32.0;31.0;74.0;70.0;255.0;124.0;62.0;34.0;35.0;33.0;34.0;71.0;136.0;130.0;66.0;34.0;34.0;33.0;34.0;69.0;130.0;255.0;134.0;42.0;34.0;34.0;43.0;73.0;255.0;255.0;102.0;115.0;82.0;85.0;94.0;142.0;255.0;255.0;255.0;255.0;93.0;98.0;255.0;255.0;255.0;0.0
255.0;255.0;255.0;178.0;169.0;255.0;255.0;255.0;255.0;165.0;68.0;56.0;59.0;76.0;170.0;255.0;255.0;72.0;40.0;34.0;33.0;54.0;101.0;255.0;127.0;66.0;36.0;38.0;37.0;34.0;94.0;167.0;101.0;64.0;35.0;37.0;37.0;34.0;84.0;163.0;255.0;110.0;52.0;35.0;35.0;56.0;108.0;255.0;255.0;59.0;75.0;82.0;66.0;111.0;157.0;255.0;255.0;255.0;255.0;77.0;127.0;255.0;255.0;255.0;0.0
255.0;255.0;255.0;127.0;147.0;255.0;255.0;255.0;255.0;159.0;58.0;61.0;57.0;70.0;150.0;255.0;255.0;61.0;65.0;34.0;33.0;45.0;76.0;255.0;165.0;81.0;44.0;36.0;36.0;33.0;72.0;144.0;154.0;73.0;50.0;34.0;37.0;34.0;76.0;141.0;255.0;78.0;41.0;35.0;34.0;54.0;85.0;255.0;255.0;115.0;51.0;53.0;36.0;74.0;93.0;255.0;255.0;255.0;255.0;70.0;66.0;255.0;255.0;255.0;0.0
255.0;255.0;255.0;122.0;135.0;255.0;255.0;255.0;255.0;121.0;64.0;58.0;57.0;62.0;141.0;255.0;255.0;77.0;48.0;35.0;35.0;42.0;68.0;255.0;142.0;76.0;40.0;38.0;38.0;37.0;64.0;127.0;149.0;76.0;37.0;40.0;45.0;33.0;67.0;124.0;255.0;129.0;42.0;36.0;34.0;43.0;79.0;255.0;255.0;135.0;88.0;63.0;67.0;144.0;106.0;255.0;255.0;255.0;255.0;126.0;107.0;255.0;255.0;255.0;0.0
255.0;255.0;255.0;110.0;128.0;255.0;255.0;255.0;255.0;123.0;79.0;78.0;80.0;101.0;169.0;255.0;255.0;78.0;45.0;33.0;33.0;41.0;108.0;255.0;165.0;62.0;36.0;37.0;38.0;34.0;80.0;181.0;194.0;67.0;35.0;38.0;35.0;33.0;84.0;163.0;255.0;92.0;68.0;34.0;36.0;45.0;95.0;255.0;255.0;181.0;57.0;36.0;37.0;106.0;133.0;255.0;255.0;255.0;255.0;150.0;134.0;255.0;255.0;255.0;0.0
255.0;255.0;255.0;141.0;136.0;255.0;255.0;255.0;255.0;155.0;62.0;60.0;60.0;67.0;108.0;255.0;255.0;69.0;69.0;36.0;34.0;48.0;103.0;255.0;146.0;69.0;36.0;40.0;35.0;33.0;88.0;117.0;124.0;73.0;36.0;38.0;37.0;34.0;69.0;120.0;255.0;79.0;62.0;35.0;35.0;67.0;114.0;255.0;255.0;73.0;90.0;42.0;37.0;107.0;114.0;255.0;255.0;255.0;255.0;64.0;71.0;255.0;255.0;255.0;0.0
255.0;255.0;255.0;131.0;136.0;255.0;255.0;255.0;255.0;144.0;65.0;58.0;58.0;64.0;133.0;255.0;255.0;69.0;50.0;34.0;34.0;37.0;71.0;255.0;140.0;68.0;35.0;39.0;40.0;34.0;79.0;135.0;122.0;68.0;37.0;37.0;37.0;36.0;72.0;142.0;255.0;102.0;51.0;35.0;35.0;45.0;114.0;255.0;255.0;89.0;72.0;70.0;47.0;130.0;113.0;255.0;255.0;255.0;255.0;100.0;107.0;255.0;255.0;255.0;0.0
255.0;255.0;255.0;145.0;148.0;255.0;255.0;255.0;255.0;119.0;69.0;66.0;86.0;70.0;145.0;255.0;255.0;90.0;48.0;35.0;35.0;52.0;70.0;255.0;129.0;77.0;34.0;39.0;43.0;34.0;67.0;118.0;135.0;80.0;34.0;37.0;37.0;36.0;65.0;108.0;255.0;147.0;45.0;32.0;35.0;48.0;70.0;255.0;255.0;152.0;82.0;68.0;39.0;73.0;108.0;255.0;255.0;255.0;255.0;122.0;125.0;255.0;255.0;255.0;0.0
255.0;255.0;255.0;106.0;103.0;255.0;255.0;255.0;255.0;153.0;75.0;84.0;59.0;95.0;124.0;255.0;255.0;72.0;74.0;34.0;32.0;59.0;137.0;255.0;220.0;65.0;36.0;39.0;41.0;34.0;81.0;194.0;212.0;70.0;36.0;37.0;36.0;33.0;74.0;202.0;255.0;91.0;81.0;35.0;35.0;52.0;105.0;255.0;255.0;122.0;71.0;107.0;52.0;127.0;135.0;255.0;255.0;255.0;255.0;76.0;81.0;255.0;255.0;255.0;0.0
255.0;255.0;255.0;120.0;111.0;255.0;255.0;255.0;255.0;140.0;66.0;57.0;63.0;71.0;120.0;255.0;255.0;71.0;75.0;36.0;33.0;48.0;93.0;255.0;122.0;63.0;37.0;39.0;39.0;34.0;101.0;125.0;115.0;67.0;36.0;38.0;37.0;37.0;90.0;126.0;255.0;95.0;46.0;37.0;36.0;56.0;161.0;255.0;255.0;95.0;81.0;61.0;78.0;122.0;130.0;255.0;255.0;255.0;255.0;95.0;105.0;255.0;255.0;255.0;0.0
255.0;255.0;255.0;119.0;116.0;255.0;255.0;255.0;255.0;131.0;84.0;68.0;64.0;77.0;124.0;255.0;255.0;86.0;53.0;35.0;34.0;50.0;69.0;255.0;124.0;86.0;38.0;39.0;37.0;36.0;67.0;127.0;127.0;117.0;37.0;39.0;38.0;35.0;65.0;125.0;255.0;121.0;62.0;35.0;34.0;57.0;73.0;255.0;255.0;113.0;108.0;95.0;55.0;93.0;127.0;255.0;255.0;255.0;255.0;97.0;102.0;255.0;255.0;255.0;0.0
255.0;255.0;255.0;210.0;176.0;255.0;255.0;255.0;255.0;191.0;74.0;73.0;81.0;98.0;100.0;255.0;255.0;72.0;69.0;33.0;32.0;54.0;88.0;255.0;189.0;69.0;38.0;37.0;41.0;35.0;70.0;68.0;181.0;70.0;35.0;37.0;37.0;35.0;71.0;67.0;255.0;76.0;56.0;36.0;35.0;59.0;123.0;255.0;255.0;192.0;55.0;42.0;46.0;105.0;87.0;255.0;255.0;255.0;255.0;198.0;198.0;255.0;255.0;255.0;0.0
255.0;255.0;255.0;200.0;195.0;255.0;255.0;255.0;255.0;199.0;66.0;63.0;57.0;77.0;170.0;255.0;255.0;67.0;62.0;36.0;33.0;55.0;110.0;255.0;179.0;79.0;36.0;36.0;36.0;34.0;69.0;86.0;172.0;73.0;35.0;38.0;39.0;34.0;73.0;76.0;255.0;76.0;55.0;36.0;34.0;55.0;109.0;255.0;255.0;209.0;64.0;85.0;38.0;132.0;71.0;255.0;255.0;255.0;255.0;114.0;67.0;255.0;255.0;255.0;0.0
255.0;255.0;255.0;141.0;132.0;255.0;255.0;255.0;255.0;126.0;63.0;57.0;59.0;63.0;133.0;255.0;255.0;70.0;59.0;32.0;34.0;49.0;71.0;255.0;117.0;64.0;33.0;37.0;38.0;34.0;68.0;110.0;124.0;102.0;35.0;38.0;38.0;36.0;73.0;85.0;255.0;133.0;50.0;36.0;33.0;38.0;120.0;255.0;255.0;119.0;96.0;47.0;51.0;122.0;97.0;255.0;255.0;255.0;255.0;105.0;126.0;255.0;255.0;255.0;0.0
255.0;255.0;255.0;125.0;137.0;255.0;255.0;255.0;255.0;130.0;65.0;62.0;65.0;68.0;134.0;255.0;255.0;68.0;42.0;35.0;34.0;39.0;79.0;255.0;129.0;67.0;35.0;39.0;35.0;33.0;71.0;130.0;109.0;78.0;36.0;45.0;38.0;34.0;71.0;134.0;255.0;79.0;48.0;36.0;35.0;39.0;87.0;255.0;255.0;111.0;69.0;58.0;42.0;106.0;124.0;255.0;255.0;255.0;255.0;115.0;113.0;255.0;255.0;255.0;0.0
255.0;255.0;255.0;154.0;145.0;255.0;255.0;255.0;255.0;146.0;67.0;63.0;59.0;63.0;117.0;255.0;255.0;81.0;39.0;35.0;35.0;48.0;67.0;255.0;123.0;71.0;36.0;37.0;36.0;34.0;70.0;110.0;114.0;91.0;35.0;37.0;36.0;33.0;74.0;106.0;255.0;126.0;44.0;35.0;32.0;42.0;83.0;255.0;255.0;74.0;109.0;68.0;68.0;106.0;112.0;255.0;255.0;255.0;255.0;86.0;85.0;255.0;255.0;255.0;0.0
255.0;255.0;255.0;178.0;194.0;255.0;255.0;255.0;255.0;175.0;64.0;60.0;64.0;90.0;137.0;255.0;255.0;66.0;70.0;34.0;34.0;38.0;135.0;255.0;184.0;69.0;37.0;39.0;36.0;33.0;71.0;74.0;195.0;71.0;36.0;44.0;38.0;33.0;69.0;70.0;255.0;64.0;70.0;35.0;33.0;38.0;89.0;255.0;255.0;205.0;40.0;54.0;59.0;104.0;72.0;255.0;255.0;255.0;255.0;144.0;95.0;255.0;255.0;255.0;0.0
255.0;255.0;255.0;108.0;111.0;255.0;255.0;255.0;255.0;140.0;68.0;58.0;58.0;63.0;134.0;255.0;255.0;74.0;50.0;36.0;35.0;45.0;66.0;255.0;171.0;65.0;37.0;38.0;38.0;35.0;107.0;150.0;160.0;74.0;36.0;46.0;39.0;35.0;90.0;134.0;255.0;91.0;54.0;35.0;35.0;39.0;111.0;255.0;255.0;107.0;133.0;96.0;67.0;96.0;116.0;255.0;255.0;255.0;255.0;98.0;104.0;255.0;255.0;255.0;0.0
255.0;255.0;255.0;147.0;146.0;255.0;255.0;255.0;255.0;169.0;61.0;58.0;57.0;61.0;141.0;255.0;255.0;68.0;54.0;35.0;33.0;42.0;80.0;255.0;124.0;68.0;34.0;37.0;36.0;33.0;95.0;128.0;113.0;68.0;35.0;36.0;38.0;34.0;74.0;126.0;255.0;86.0;37.0;36.0;34.0;47.0;110.0;255.0;255.0;75.0;78.0;45.0;36.0;112.0;144.0;255.0;255.0;255.0;255.0;81.0;88.0;255.0;255.0;255.0;0.0
255.0;255.0;255.0;183.0;199.0;255.0;255.0;255.0;255.0;168.0;60.0;61.0;59.0;60.0;122.0;255.0;255.0;65.0;71.0;33.0;33.0;49.0;105.0;255.0;175.0;71.0;40.0;39.0;38.0;35.0;71.0;86.0;184.0;72.0;35.0;37.0;36.0;33.0;72.0;73.0;255.0;83.0;87.0;34.0;34.0;64.0;131.0;255.0;255.0;187.0;77.0;46.0;53.0;128.0;78.0;255.0;255.0;255.0;255.0;194.0;117.0;255.0;255.0;255.0;0.0
255.0;255.0;255.0;88.0;107.0;255.0;255.0;255.0;255.0;91.0;80.0;72.0;103.0;72.0;174.0;255.0;255.0;97.0;69.0;34.0;34.0;64.0;69.0;255.0;144.0;76.0;35.0;36.0;36.0;34.0;65.0;188.0;182.0;91.0;35.0;40.0;36.0;33.0;66.0;148.0;255.0;90.0;88.0;34.0;34.0;96.0;69.0;255.0;255.0;186.0;62.0;39.0;36.0;76.0;115.0;255.0;255.0;255.0;255.0;128.0;106.0;255.0;255.0;255.0;0.0
255.0;255.0;255.0;140.0;119.0;255.0;255.0;255.0;255.0;148.0;71.0;58.0;69.0;85.0;111.0;255.0;255.0;70.0;53.0;35.0;34.0;40.0;111.0;255.0;117.0;63.0;35.0;38.0;38.0;35.0;84.0;114.0;108.0;69.0;36.0;40.0;38.0;35.0;80.0;114.0;255.0;84.0;70.0;35.0;34.0;46.0;109.0;255.0;255.0;98.0;65.0;64.0;78.0;106.0;118.0;255.0;255.0;255.0;255.0;123.0;123.0;255.0;255.0;255.0;0.0
255.0;255.0;255.0;145.0;147.0;255.0;255.0;255.0;255.0;118.0;61.0;63.0;63.0;62.0;141.0;255.0;255.0;69.0;68.0;37.0;35.0;43.0;73.0;255.0;144.0;66.0;36.0;36.0;37.0;35.0;92.0;126.0;146.0;62.0;35.0;41.0;41.0;32.0;73.0;114.0;255.0;108.0;52.0;37.0;35.0;41.0;96.0;255.0;255.0;123.0;94.0;44.0;36.0;83.0;81.0;255.0;255.0;255.0;255.0;116.0;76.0;255.0;255.0;255.0;0.0
255.0;255.0;255.0;99.0;119.0;255.0;255.0;255.0;255.0;135.0;68.0;60.0;63.0;65.0;149.0;255.0;255.0;74.0;39.0;32.0;33.0;50.0;72.0;255.0;171.0;63.0;34.0;39.0;37.0;33.0;90.0;158.0;160.0;65.0;34.0;38.0;36.0;36.0;76.0;149.0;255.0;86.0;43.0;34.0;34.0;43.0;93.0;255.0;255.0;146.0;81.0;68.0;38.0;87.0;130.0;255.0;255.0;255.0;255.0;116.0;110.0;255.0;255.0;255.0;0.0
255.0;255.0;255.0;110.0;147.0;255.0;255.0;255.0;255.0;95.0;69.0;62.0;71.0;72.0;176.0;255.0;255.0;74.0;40.0;33.0;34.0;41.0;84.0;255.0;121.0;62.0;33.0;37.0;36.0;34.0;86.0;152.0;132.0;62.0;34.0;37.0;34.0;33.0;83.0;149.0;255.0;92.0;54.0;36.0;34.0;47.0;96.0;255.0;255.0;178.0;57.0;41.0;43.0;103.0;149.0;255.0;255.0;255.0;255.0;167.0;167.0;255.0;255.0;255.0;0.0
255.0;255.0;255.0;155.0;156.0;255.0;255.0;255.0;255.0;224.0;59.0;61.0;63.0;63.0;195.0;255.0;255.0;65.0;73.0;35.0;34.0;48.0;66.0;255.0;159.0;65.0;36.0;39.0;37.0;33.0;78.0;171.0;137.0;64.0;35.0;37.0;36.0;35.0;96.0;174.0;255.0;162.0;45.0;34.0;36.0;46.0;120.0;255.0;255.0;90.0;56.0;49.0;39.0;83.0;185.0;255.0;255.0;255.0;255.0;92.0;100.0;255.0;255.0;255.0;0.0
255.0;255.0;255.0;160.0;158.0;255.0;255.0;255.0;255.0;219.0;59.0;58.0;60.0;58.0;208.0;255.0;255.0;66.0;78.0;37.0;36.0;43.0;63.0;255.0;151.0;62.0;37.0;42.0;37.0;32.0;70.0;182.0;128.0;67.0;37.0;37.0;33.0;34.0;102.0;175.0;255.0;141.0;49.0;33.0;37.0;46.0;115.0;255.0;255.0;77.0;66.0;45.0;41.0;79.0;184.0;255.0;255.0;255.0;255.0;82.0;92.0;255.0;255.0;255.0;0.0
255.0;255.0;255.0;139.0;143.0;255.0;255.0;255.0;255.0;160.0;60.0;58.0;58.0;61.0;167.0;255.0;255.0;64.0;61.0;35.0;34.0;63.0;72.0;255.0;201.0;68.0;38.0;37.0;39.0;33.0;67.0;182.0;200.0;70.0;36.0;39.0;37.0;36.0;64.0;135.0;255.0;105.0;61.0;35.0;35.0;40.0;96.0;255.0;255.0;126.0;65.0;66.0;37.0;101.0;83.0;255.0;255.0;255.0;255.0;63.0;49.0;255.0;255.0;255.0;0.0
255.0;255.0;255.0;150.0;138.0;255.0;255.0;255.0;255.0;129.0;59.0;87.0;87.0;62.0;127.0;255.0;255.0;68.0;70.0;44.0;34.0;54.0;69.0;255.0;129.0;72.0;38.0;39.0;38.0;34.0;96.0;113.0;113.0;80.0;37.0;39.0;37.0;34.0;71.0;116.0;255.0;110.0;57.0;36.0;35.0;69.0;128.0;255.0;255.0;87.0;61.0;57.0;71.0;128.0;122.0;255.0;255.0;255.0;255.0;108.0;122.0;255.0;255.0;255.0;0.0
255.0;255.0;255.0;163.0;160.0;255.0;255.0;255.0;255.0;161.0;55.0;55.0;58.0;61.0;131.0;255.0;255.0;72.0;45.0;34.0;33.0;62.0;66.0;255.0;162.0;93.0;34.0;36.0;37.0;33.0;63.0;110.0;123.0;69.0;36.0;35.0;37.0;35.0;62.0;129.0;255.0;101.0;53.0;33.0;33.0;37.0;77.0;255.0;255.0;71.0;93.0;38.0;38.0;111.0;120.0;255.0;255.0;255.0;255.0;69.0;78.0;255.0;255.0;255.0;0.0
255.0;255.0;255.0;119.0;119.0;255.0;255.0;255.0;255.0;147.0;59.0;62.0;89.0;81.0;127.0;255.0;255.0;73.0;55.0;35.0;35.0;61.0;94.0;255.0;127.0;61.0;35.0;38.0;38.0;36.0;91.0;113.0;118.0;62.0;35.0;39.0;37.0;34.0;92.0;110.0;255.0;82.0;71.0;34.0;35.0;42.0;128.0;255.0;255.0;106.0;56.0;48.0;37.0;94.0;103.0;255.0;255.0;255.0;255.0;113.0;111.0;255.0;255.0;255.0;0.0
255.0;255.0;255.0;131.0;127.0;255.0;255.0;255.0;255.0;137.0;60.0;59.0;58.0;61.0;114.0;255.0;255.0;71.0;72.0;34.0;36.0;68.0;67.0;255.0;136.0;69.0;36.0;39.0;38.0;35.0;74.0;113.0;145.0;92.0;36.0;37.0;36.0;35.0;73.0;120.0;255.0;105.0;39.0;36.0;34.0;45.0;100.0;255.0;255.0;115.0;71.0;43.0;36.0;87.0;107.0;255.0;255.0;255.0;255.0;94.0;82.0;255.0;255.0;255.0;0.0
255.0;255.0;255.0;142.0;139.0;255.0;255.0;255.0;255.0;147.0;61.0;58.0;59.0;64.0;129.0;255.0;255.0;74.0;62.0;35.0;34.0;54.0;82.0;255.0;126.0;64.0;36.0;38.0;39.0;33.0;83.0;106.0;113.0;62.0;36.0;39.0;41.0;33.0;99.0;108.0;255.0;93.0;39.0;34.0;34.0;36.0;115.0;255.0;255.0;80.0;78.0;73.0;85.0;100.0;104.0;255.0;255.0;255.0;255.0;81.0;100.0;255.0;255.0;255.0;0.0
255.0;255.0;255.0;137.0;135.0;255.0;255.0;255.0;255.0;156.0;59.0;57.0;58.0;61.0;131.0;255.0;255.0;69.0;68.0;34.0;34.0;46.0;67.0;255.0;127.0;61.0;35.0;38.0;38.0;34.0;73.0;122.0;118.0;65.0;38.0;37.0;34.0;34.0;85.0;120.0;255.0;104.0;44.0;36.0;35.0;43.0;89.0;255.0;255.0;88.0;75.0;54.0;70.0;102.0;119.0;255.0;255.0;255.0;255.0;87.0;100.0;255.0;255.0;255.0;0.0
255.0;255.0;255.0;132.0;133.0;255.0;255.0;255.0;255.0;123.0;60.0;56.0;59.0;64.0;151.0;255.0;255.0;67.0;48.0;34.0;35.0;37.0;86.0;255.0;164.0;66.0;34.0;35.0;36.0;34.0;94.0;140.0;160.0;64.0;35.0;36.0;35.0;36.0;73.0;142.0;255.0;95.0;39.0;35.0;34.0;42.0;99.0;255.0;255.0;130.0;95.0;69.0;35.0;102.0;101.0;255.0;255.0;255.0;255.0;106.0;99.0;255.0;255.0;255.0;0.0
255.0;255.0;255.0;117.0;128.0;255.0;255.0;255.0;255.0;128.0;74.0;58.0;59.0;60.0;124.0;255.0;255.0;106.0;50.0;35.0;33.0;58.0;67.0;255.0;120.0;106.0;35.0;38.0;39.0;34.0;63.0;94.0;116.0;96.0;35.0;36.0;35.0;36.0;63.0;96.0;255.0;106.0;47.0;33.0;33.0;41.0;87.0;255.0;255.0;128.0;94.0;74.0;91.0;111.0;98.0;255.0;255.0;255.0;255.0;113.0;105.0;255.0;255.0;255.0;0.0
255.0;255.0;255.0;189.0;188.0;255.0;255.0;255.0;255.0;177.0;65.0;61.0;60.0;64.0;176.0;255.0;255.0;71.0;53.0;35.0;33.0;42.0;69.0;255.0;179.0;76.0;35.0;35.0;38.0;35.0;70.0;106.0;184.0;95.0;35.0;35.0;39.0;33.0;87.0;90.0;255.0;112.0;39.0;35.0;35.0;40.0;100.0;255.0;255.0;180.0;83.0;37.0;44.0;81.0;78.0;255.0;255.0;255.0;255.0;165.0;112.0;255.0;255.0;255.0;0.0
255.0;255.0;255.0;155.0;166.0;255.0;255.0;255.0;255.0;135.0;60.0;63.0;75.0;102.0;146.0;255.0;255.0;71.0;41.0;34.0;32.0;41.0;96.0;255.0;145.0;63.0;34.0;36.0;37.0;34.0;81.0;100.0;133.0;63.0;36.0;37.0;38.0;33.0;75.0;102.0;255.0;84.0;60.0;34.0;35.0;48.0;70.0;255.0;255.0;157.0;51.0;37.0;36.0;70.0;87.0;255.0;255.0;255.0;255.0;115.0;84.0;255.0;255.0;255.0;0.0
255.0;255.0;255.0;149.0;156.0;255.0;255.0;255.0;255.0;171.0;63.0;56.0;57.0;65.0;148.0;255.0;255.0;69.0;58.0;36.0;33.0;49.0;90.0;255.0;166.0;68.0;37.0;39.0;47.0;36.0;69.0;166.0;167.0;73.0;34.0;38.0;48.0;36.0;66.0;125.0;255.0;86.0;54.0;35.0;36.0;38.0;83.0;255.0;255.0;75.0;63.0;83.0;37.0;73.0;76.0;255.0;255.0;255.0;255.0;51.0;48.0;255.0;255.0;255.0;0.0
255.0;255.0;255.0;212.0;203.0;255.0;255.0;255.0;255.0;219.0;59.0;61.0;60.0;61.0;189.0;255.0;255.0;69.0;71.0;34.0;34.0;67.0;67.0;255.0;196.0;61.0;37.0;37.0;42.0;36.0;63.0;125.0;191.0;96.0;36.0;35.0;38.0;35.0;76.0;90.0;255.0;128.0;58.0;36.0;35.0;47.0;95.0;255.0;255.0;179.0;81.0;45.0;40.0;91.0;72.0;255.0;255.0;255.0;255.0;104.0;96.0;255.0;255.0;255.0;0.0
255.0;255.0;255.0;130.0;131.0;255.0;255.0;255.0;255.0;146.0;60.0;89.0;66.0;61.0;134.0;255.0;255.0;65.0;69.0;42.0;34.0;48.0;76.0;255.0;140.0;71.0;37.0;47.0;39.0;36.0;84.0;100.0;133.0;76.0;37.0;38.0;35.0;36.0;66.0;104.0;255.0;104.0;47.0;36.0;34.0;51.0;118.0;255.0;255.0;122.0;97.0;51.0;57.0;121.0;114.0;255.0;255.0;255.0;255.0;112.0;97.0;255.0;255.0;255.0;0.0
255.0;255.0;255.0;161.0;145.0;255.0;255.0;255.0;255.0;145.0;61.0;61.0;58.0;66.0;124.0;255.0;255.0;70.0;63.0;35.0;35.0;45.0;70.0;255.0;138.0;62.0;36.0;45.0;38.0;33.0;83.0;101.0;137.0;68.0;35.0;37.0;34.0;33.0;85.0;99.0;255.0;110.0;47.0;36.0;37.0;44.0;100.0;255.0;255.0;113.0;77.0;35.0;39.0;90.0;103.0;255.0;255.0;255.0;255.0;119.0;130.0;255.0;255.0;255.0;0.0
255.0;255.0;255.0;104.0;116.0;255.0;255.0;255.0;255.0;121.0;67.0;61.0;60.0;63.0;130.0;255.0;255.0;80.0;60.0;33.0;35.0;58.0;66.0;255.0;142.0;82.0;35.0;37.0;39.0;34.0;64.0;130.0;151.0;70.0;35.0;36.0;34.0;33.0;65.0;134.0;255.0;117.0;63.0;35.0;33.0;44.0;95.0;255.0;255.0;139.0;86.0;37.0;35.0;76.0;120.0;255.0;255.0;255.0;255.0;108.0;108.0;255.0;255.0;255.0;0.0
255.0;255.0;255.0;188.0;172.0;255.0;255.0;255.0;255.0;177.0;61.0;59.0;60.0;63.0;125.0;255.0;255.0;68.0;64.0;36.0;34.0;54.0;84.0;255.0;156.0;70.0;35.0;37.0;38.0;34.0;88.0;89.0;138.0;75.0;33.0;35.0;36.0;33.0;71.0;93.0;255.0;109.0;69.0;34.0;35.0;60.0;101.0;255.0;255.0;119.0;87.0;40.0;41.0;95.0;114.0;255.0;255.0;255.0;255.0;141.0;177.0;255.0;255.0;255.0;0.0
255.0;255.0;255.0;104.0;105.0;255.0;255.0;255.0;255.0;122.0;73.0;54.0;58.0;68.0;133.0;255.0;255.0;91.0;45.0;35.0;33.0;54.0;68.0;255.0;130.0;137.0;36.0;38.0;36.0;36.0;64.0;115.0;143.0;103.0;36.0;40.0;39.0;34.0;72.0;103.0;255.0;117.0;79.0;33.0;34.0;76.0;71.0;255.0;255.0;121.0;98.0;48.0;77.0;100.0;106.0;255.0;255.0;255.0;255.0;88.0;91.0;255.0;255.0;255.0;0.0
255.0;255.0;255.0;141.0;151.0;255.0;255.0;255.0;255.0;145.0;64.0;59.0;58.0;66.0;131.0;255.0;255.0;65.0;73.0;43.0;36.0;41.0;82.0;255.0;149.0;70.0;54.0;41.0;41.0;35.0;75.0;108.0;146.0;70.0;37.0;39.0;37.0;35.0;70.0;113.0;255.0;80.0;79.0;36.0;35.0;41.0;135.0;255.0;255.0;119.0;115.0;37.0;58.0;141.0;87.0;255.0;255.0;255.0;255.0;76.0;77.0;255.0;255.0;255.0;0.0
255.0;255.0;255.0;124.0;151.0;255.0;255.0;255.0;255.0;105.0;81.0;77.0;78.0;75.0;164.0;255.0;255.0;86.0;63.0;35.0;33.0;64.0;90.0;255.0;123.0;68.0;37.0;39.0;38.0;34.0;88.0;125.0;136.0;67.0;36.0;38.0;36.0;34.0;76.0;120.0;255.0;83.0;50.0;34.0;33.0;59.0;88.0;255.0;255.0;189.0;54.0;59.0;37.0;85.0;122.0;255.0;255.0;255.0;255.0;178.0;149.0;255.0;255.0;255.0;0.0
255.0;255.0;255.0;188.0;187.0;255.0;255.0;255.0;255.0;186.0;64.0;57.0;59.0;67.0;144.0;255.0;255.0;66.0;61.0;34.0;34.0;49.0;85.0;255.0;177.0;67.0;34.0;35.0;44.0;34.0;86.0;89.0;176.0;83.0;34.0;36.0;37.0;33.0;71.0;84.0;255.0;83.0;41.0;35.0;33.0;45.0;93.0;255.0;255.0;193.0;84.0;60.0;36.0;93.0;91.0;255.0;255.0;255.0;255.0;170.0;174.0;255.0;255.0;255.0;0.0
255.0;255.0;255.0;103.0;119.0;255.0;255.0;255.0;255.0;104.0;62.0;58.0;63.0;63.0;141.0;255.0;255.0;75.0;38.0;34.0;33.0;51.0;78.0;255.0;137.0;61.0;35.0;41.0;38.0;34.0;83.0;111.0;148.0;68.0;35.0;48.0;37.0;35.0;86.0;114.0;255.0;108.0;37.0;34.0;34.0;79.0;117.0;255.0;255.0;135.0;82.0;76.0;89.0;122.0;121.0;255.0;255.0;255.0;255.0;113.0;112.0;255.0;255.0;255.0;0.0
255.0;255.0;255.0;127.0;114.0;255.0;255.0;255.0;255.0;155.0;60.0;55.0;59.0;69.0;118.0;255.0;255.0;70.0;42.0;35.0;33.0;40.0;94.0;255.0;138.0;66.0;35.0;38.0;40.0;34.0;80.0;130.0;135.0;69.0;36.0;36.0;36.0;36.0;73.0;141.0;255.0;81.0;43.0;33.0;36.0;47.0;93.0;255.0;255.0;102.0;66.0;78.0;38.0;86.0;134.0;255.0;255.0;255.0;255.0;87.0;99.0;255.0;255.0;255.0;0.0
255.0;255.0;255.0;102.0;101.0;255.0;255.0;255.0;255.0;103.0;71.0;57.0;60.0;61.0;108.0;255.0;255.0;97.0;38.0;34.0;33.0;42.0;68.0;255.0;119.0;76.0;33.0;37.0;36.0;34.0;65.0;139.0;107.0;76.0;35.0;37.0;35.0;35.0;70.0;126.0;255.0;124.0;37.0;36.0;32.0;53.0;67.0;255.0;255.0;82.0;108.0;59.0;57.0;84.0;110.0;255.0;255.0;255.0;255.0;116.0;120.0;255.0;255.0;255.0;0.0
255.0;255.0;255.0;178.0;189.0;255.0;255.0;255.0;255.0;173.0;57.0;57.0;63.0;65.0;182.0;255.0;255.0;66.0;63.0;36.0;34.0;57.0;95.0;255.0;153.0;67.0;39.0;36.0;35.0;34.0;75.0;116.0;152.0;68.0;36.0;39.0;40.0;34.0;70.0;111.0;255.0;71.0;63.0;34.0;33.0;66.0;128.0;255.0;255.0;190.0;54.0;58.0;45.0;87.0;99.0;255.0;255.0;255.0;255.0;135.0;115.0;255.0;255.0;255.0;0.0
255.0;255.0;255.0;127.0;129.0;255.0;255.0;255.0;255.0;161.0;69.0;57.0;58.0;65.0;163.0;255.0;255.0;79.0;48.0;34.0;32.0;56.0;71.0;255.0;163.0;74.0;36.0;37.0;39.0;35.0;75.0;146.0;182.0;62.0;35.0;37.0;40.0;35.0;84.0;127.0;255.0;94.0;46.0;35.0;34.0;42.0;100.0;255.0;255.0;164.0;59.0;95.0;91.0;101.0;119.0;255.0;255.0;255.0;255.0;118.0;109.0;255.0;255.0;255.0;0.0
255.0;255.0;255.0;121.0;122.0;255.0;255.0;255.0;255.0;149.0;71.0;62.0;66.0;74.0;107.0;255.0;255.0;70.0;55.0;35.0;34.0;39.0;92.0;255.0;115.0;63.0;37.0;39.0;36.0;35.0;79.0;96.0;101.0;66.0;36.0;38.0;45.0;34.0;85.0;113.0;255.0;107.0;58.0;36.0;36.0;47.0;78.0;255.0;255.0;90.0;78.0;60.0;58.0;98.0;138.0;255.0;255.0;255.0;255.0;128.0;123.0;255.0;255.0;255.0;0.0
255.0;255.0;255.0;106.0;103.0;255.0;255.0;255.0;255.0;148.0;60.0;64.0;73.0;89.0;117.0;255.0;255.0;67.0;67.0;35.0;36.0;45.0;100.0;255.0;137.0;64.0;36.0;38.0;38.0;34.0;90.0;128.0;133.0;62.0;38.0;38.0;38.0;33.0;70.0;120.0;255.0;145.0;47.0;36.0;34.0;49.0;97.0;255.0;255.0;95.0;72.0;46.0;53.0;72.0;128.0;255.0;255.0;255.0;255.0;77.0;78.0;255.0;255.0;255.0;0.0
255.0;255.0;255.0;139.0;127.0;255.0;255.0;255.0;255.0;157.0;62.0;59.0;64.0;69.0;111.0;255.0;255.0;71.0;73.0;33.0;34.0;52.0;74.0;255.0;126.0;79.0;36.0;39.0;39.0;35.0;69.0;113.0;121.0;72.0;34.0;40.0;38.0;34.0;66.0;110.0;255.0;100.0;53.0;35.0;35.0;44.0;68.0;255.0;255.0;100.0;75.0;76.0;52.0;79.0;137.0;255.0;255.0;255.0;255.0;91.0;100.0;255.0;255.0;255.0;0.0
255.0;255.0;255.0;141.0;149.0;255.0;255.0;255.0;255.0;151.0;60.0;63.0;59.0;62.0;159.0;255.0;255.0;65.0;53.0;34.0;34.0;51.0;67.0;255.0;156.0;63.0;35.0;38.0;37.0;34.0;67.0;148.0;156.0;75.0;36.0;38.0;36.0;34.0;69.0;121.0;255.0;125.0;53.0;34.0;34.0;36.0;98.0;255.0;255.0;113.0;65.0;38.0;38.0;79.0;79.0;255.0;255.0;255.0;255.0;63.0;61.0;255.0;255.0;255.0;0.0
255.0;255.0;255.0;107.0;116.0;255.0;255.0;255.0;255.0;101.0;70.0;59.0;63.0;95.0;139.0;255.0;255.0;68.0;61.0;35.0;34.0;43.0;127.0;255.0;125.0;68.0;36.0;38.0;38.0;34.0;85.0;109.0;134.0;67.0;35.0;36.0;37.0;34.0;82.0;101.0;255.0;136.0;40.0;36.0;34.0;57.0;108.0;255.0;255.0;127.0;60.0;59.0;103.0;150.0;100.0;255.0;255.0;255.0;255.0;110.0;105.0;255.0;255.0;255.0;0.0
255.0;255.0;255.0;148.0;140.0;255.0;255.0;255.0;255.0;155.0;67.0;57.0;58.0;64.0;120.0;255.0;255.0;74.0;58.0;35.0;34.0;44.0;75.0;255.0;123.0;127.0;36.0;41.0;37.0;35.0;67.0;128.0;113.0;103.0;37.0;38.0;43.0;32.0;66.0;130.0;255.0;103.0;45.0;38.0;35.0;59.0;73.0;255.0;255.0;90.0;102.0;104.0;47.0;93.0;137.0;255.0;255.0;255.0;255.0;116.0;131.0;255.0;255.0;255.0;0.0
255.0;255.0;255.0;152.0;155.0;255.0;255.0;255.0;255.0;159.0;69.0;60.0;56.0;61.0;153.0;255.0;255.0;75.0;49.0;35.0;34.0;54.0;69.0;255.0;158.0;82.0;37.0;42.0;40.0;34.0;67.0;127.0;133.0;85.0;37.0;46.0;48.0;37.0;69.0;125.0;255.0;126.0;49.0;36.0;36.0;39.0;124.0;255.0;255.0;83.0;110.0;98.0;102.0;128.0;125.0;255.0;255.0;255.0;255.0;69.0;83.0;255.0;255.0;255.0;0.0
255.0;255.0;255.0;141.0;151.0;255.0;255.0;255.0;255.0;154.0;64.0;58.0;59.0;61.0;154.0;255.0;255.0;72.0;40.0;35.0;34.0;38.0;66.0;255.0;163.0;74.0;36.0;36.0;40.0;33.0;63.0;116.0;153.0;114.0;36.0;35.0;39.0;32.0;66.0;112.0;255.0;114.0;39.0;33.0;33.0;81.0;74.0;255.0;255.0;148.0;84.0;41.0;47.0;101.0;104.0;255.0;255.0;255.0;255.0;139.0;129.0;255.0;255.0;255.0;0.0
255.0;255.0;255.0;118.0;126.0;255.0;255.0;255.0;255.0;152.0;62.0;65.0;61.0;62.0;109.0;255.0;255.0;78.0;43.0;35.0;33.0;39.0;72.0;255.0;154.0;67.0;35.0;40.0;37.0;34.0;69.0;111.0;153.0;67.0;36.0;40.0;39.0;35.0;70.0;134.0;255.0;130.0;38.0;34.0;33.0;38.0;79.0;255.0;255.0;116.0;80.0;69.0;88.0;87.0;134.0;255.0;255.0;255.0;255.0;96.0;108.0;255.0;255.0;255.0;0.0
255.0;255.0;255.0;154.0;144.0;255.0;255.0;255.0;255.0;149.0;67.0;59.0;60.0;64.0;137.0;255.0;255.0;71.0;44.0;35.0;33.0;44.0;68.0;255.0;129.0;65.0;36.0;37.0;37.0;38.0;77.0;129.0;98.0;62.0;35.0;38.0;43.0;35.0;84.0;137.0;255.0;114.0;53.0;33.0;35.0;48.0;112.0;255.0;255.0;65.0;87.0;46.0;37.0;88.0;115.0;255.0;255.0;255.0;255.0;62.0;78.0;255.0;255.0;255.0;0.0
255.0;255.0;255.0;157.0;167.0;255.0;255.0;255.0;255.0;167.0;65.0;58.0;59.0;65.0;143.0;255.0;255.0;70.0;47.0;34.0;33.0;41.0;77.0;255.0;160.0;67.0;36.0;39.0;38.0;34.0;97.0;86.0;156.0;67.0;35.0;41.0;37.0;34.0;76.0;76.0;255.0;83.0;57.0;35.0;35.0;51.0;97.0;255.0;255.0;165.0;70.0;56.0;81.0;100.0;75.0;255.0;255.0;255.0;255.0;104.0;81.0;255.0;255.0;255.0;0.0
255.0;255.0;255.0;143.0;144.0;255.0;255.0;255.0;255.0;147.0;74.0;58.0;66.0;63.0;140.0;255.0;255.0;97.0;52.0;35.0;35.0;67.0;63.0;255.0;152.0;65.0;35.0;37.0;44.0;34.0;70.0;140.0;135.0;68.0;35.0;37.0;35.0;33.0;71.0;132.0;255.0;112.0;55.0;34.0;34.0;60.0;68.0;255.0;255.0;93.0;70.0;38.0;96.0;81.0;112.0;255.0;255.0;255.0;255.0;76.0;82.0;255.0;255.0;255.0;0.0
255.0;255.0;255.0;144.0;146.0;255.0;255.0;255.0;255.0;154.0;65.0;60.0;57.0;67.0;138.0;255.0;255.0;68.0;50.0;34.0;34.0;45.0;99.0;255.0;117.0;73.0;34.0;38.0;37.0;33.0;82.0;110.0;106.0;70.0;35.0;41.0;41.0;37.0;71.0;97.0;255.0;104.0;49.0;35.0;35.0;39.0;86.0;255.0;255.0;74.0;87.0;64.0;37.0;87.0;115.0;255.0;255.0;255.0;255.0;98.0;94.0;255.0;255.0;255.0;0.0
255.0;255.0;255.0;150.0;155.0;255.0;255.0;255.0;255.0;155.0;68.0;56.0;61.0;67.0;147.0;255.0;255.0;79.0;40.0;35.0;34.0;41.0;82.0;255.0;174.0;65.0;36.0;40.0;37.0;35.0;73.0;132.0;165.0;66.0;36.0;36.0;39.0;33.0;72.0;125.0;255.0;85.0;45.0;34.0;35.0;46.0;109.0;255.0;255.0;164.0;65.0;61.0;49.0;92.0;122.0;255.0;255.0;255.0;255.0;160.0;104.0;255.0;255.0;255.0;0.0
255.0;255.0;255.0;143.0;143.0;255.0;255.0;255.0;255.0;159.0;57.0;65.0;60.0;63.0;140.0;255.0;255.0;64.0;68.0;40.0;35.0;50.0;90.0;255.0;164.0;71.0;51.0;38.0;37.0;34.0;69.0;138.0;158.0;77.0;35.0;37.0;38.0;35.0;70.0;136.0;255.0;115.0;63.0;33.0;36.0;52.0;110.0;255.0;255.0;97.0;47.0;41.0;37.0;140.0;109.0;255.0;255.0;255.0;255.0;76.0;77.0;255.0;255.0;255.0;0.0
255.0;255.0;255.0;116.0;118.0;255.0;255.0;255.0;255.0;133.0;59.0;58.0;60.0;61.0;142.0;255.0;255.0;70.0;48.0;34.0;34.0;53.0;66.0;255.0;154.0;114.0;36.0;39.0;39.0;35.0;65.0;135.0;153.0;72.0;36.0;38.0;36.0;35.0;64.0;117.0;255.0;108.0;54.0;34.0;33.0;40.0;79.0;255.0;255.0;129.0;101.0;52.0;36.0;113.0;107.0;255.0;255.0;255.0;255.0;99.0;93.0;255.0;255.0;255.0;0.0
255.0;255.0;255.0;179.0;168.0;255.0;255.0;255.0;255.0;146.0;61.0;58.0;58.0;62.0;167.0;255.0;255.0;70.0;71.0;36.0;34.0;49.0;70.0;255.0;151.0;61.0;37.0;39.0;40.0;36.0;78.0;144.0;160.0;69.0;37.0;39.0;40.0;35.0;89.0;131.0;255.0;134.0;40.0;36.0;37.0;44.0;96.0;255.0;255.0;141.0;106.0;57.0;49.0;105.0;115.0;255.0;255.0;255.0;255.0;124.0;131.0;255.0;255.0;255.0;0.0
255.0;255.0;255.0;150.0;148.0;255.0;255.0;255.0;255.0;145.0;62.0;59.0;64.0;62.0;154.0;255.0;255.0;72.0;50.0;37.0;34.0;47.0;68.0;255.0;118.0;67.0;37.0;44.0;38.0;36.0;65.0;151.0;98.0;101.0;37.0;40.0;37.0;35.0;75.0;141.0;255.0;87.0;44.0;33.0;35.0;49.0;113.0;255.0;255.0;62.0;57.0;54.0;39.0;79.0;119.0;255.0;255.0;255.0;255.0;67.0;72.0;255.0;255.0;255.0;0.0
255.0;255.0;255.0;123.0;131.0;255.0;255.0;255.0;255.0;111.0;59.0;58.0;60.0;62.0;143.0;255.0;255.0;83.0;71.0;35.0;33.0;65.0;65.0;255.0;118.0;97.0;36.0;41.0;41.0;36.0;66.0;116.0;121.0;81.0;35.0;34.0;34.0;35.0;66.0;105.0;255.0;89.0;51.0;35.0;36.0;37.0;102.0;255.0;255.0;122.0;79.0;45.0;35.0;129.0;98.0;255.0;255.0;255.0;255.0;103.0;105.0;255.0;255.0;255.0;0.0
255.0;255.0;255.0;138.0;133.0;255.0;255.0;255.0;255.0;140.0;73.0;59.0;61.0;65.0;121.0;255.0;255.0;69.0;66.0;43.0;43.0;50.0;72.0;255.0;136.0;76.0;33.0;38.0;36.0;34.0;85.0;90.0;139.0;55.0;36.0;39.0;35.0;37.0;70.0;82.0;255.0;84.0;64.0;35.0;37.0;63.0;86.0;255.0;255.0;116.0;109.0;39.0;61.0;74.0;89.0;255.0;255.0;255.0;255.0;118.0;103.0;255.0;255.0;255.0;0.0
255.0;255.0;255.0;150.0;154.0;255.0;255.0;255.0;255.0;180.0;67.0;59.0;69.0;68.0;168.0;255.0;255.0;73.0;38.0;34.0;34.0;51.0;74.0;255.0;190.0;63.0;34.0;39.0;37.0;33.0;65.0;162.0;153.0;69.0;35.0;38.0;37.0;34.0;84.0;174.0;255.0;115.0;49.0;35.0;36.0;47.0;130.0;255.0;255.0;97.0;106.0;73.0;64.0;115.0;162.0;255.0;255.0;255.0;255.0;88.0;85.0;255.0;255.0;255.0;0.0
255.0;255.0;255.0;143.0;153.0;255.0;255.0;255.0;255.0;137.0;75.0;55.0;67.0;65.0;137.0;255.0;255.0;84.0;39.0;35.0;33.0;40.0;77.0;255.0;141.0;67.0;33.0;39.0;38.0;32.0;96.0;94.0;134.0;65.0;36.0;39.0;38.0;35.0;100.0;95.0;255.0;83.0;53.0;36.0;35.0;52.0;126.0;255.0;255.0;153.0;69.0;49.0;47.0;114.0;101.0;255.0;255.0;255.0;255.0;126.0;111.0;255.0;255.0;255.0;0.0
255.0;255.0;255.0;126.0;137.0;255.0;255.0;255.0;255.0;149.0;73.0;64.0;75.0;84.0;122.0;255.0;255.0;86.0;58.0;33.0;35.0;56.0;97.0;255.0;118.0;61.0;35.0;39.0;36.0;34.0;90.0;118.0;115.0;60.0;33.0;41.0;37.0;34.0;88.0;108.0;255.0;91.0;69.0;35.0;35.0;49.0;119.0;255.0;255.0;111.0;57.0;44.0;42.0;82.0;106.0;255.0;255.0;255.0;255.0;125.0;115.0;255.0;255.0;255.0;0.0
255.0;255.0;255.0;181.0;172.0;255.0;255.0;255.0;255.0;173.0;74.0;63.0;65.0;64.0;156.0;255.0;255.0;75.0;43.0;35.0;35.0;52.0;69.0;255.0;173.0;62.0;37.0;37.0;38.0;35.0;73.0;175.0;175.0;67.0;38.0;35.0;38.0;35.0;80.0;160.0;255.0;99.0;41.0;34.0;33.0;35.0;75.0;255.0;255.0;121.0;74.0;69.0;63.0;107.0;120.0;255.0;255.0;255.0;255.0;89.0;90.0;255.0;255.0;255.0;0.0
255.0;255.0;255.0;104.0;101.0;255.0;255.0;255.0;255.0;131.0;71.0;61.0;77.0;94.0;133.0;255.0;255.0;67.0;48.0;36.0;35.0;41.0;96.0;255.0;158.0;75.0;36.0;41.0;39.0;35.0;68.0;135.0;150.0;70.0;37.0;37.0;37.0;35.0;71.0;125.0;255.0;102.0;87.0;38.0;38.0;41.0;100.0;255.0;255.0;126.0;63.0;40.0;51.0;107.0;122.0;255.0;255.0;255.0;255.0;107.0;107.0;255.0;255.0;255.0;0.0
255.0;255.0;255.0;129.0;130.0;255.0;255.0;255.0;255.0;115.0;74.0;55.0;63.0;77.0;150.0;255.0;255.0;70.0;42.0;33.0;33.0;43.0;78.0;255.0;132.0;64.0;36.0;39.0;38.0;37.0;63.0;125.0;137.0;63.0;35.0;37.0;39.0;36.0;57.0;123.0;255.0;74.0;59.0;35.0;35.0;75.0;91.0;255.0;255.0;135.0;58.0;46.0;54.0;89.0;102.0;255.0;255.0;255.0;255.0;112.0;100.0;255.0;255.0;255.0;0.0
255.0;255.0;255.0;141.0;146.0;255.0;255.0;255.0;255.0;136.0;63.0;54.0;60.0;64.0;154.0;255.0;255.0;67.0;49.0;34.0;32.0;43.0;67.0;255.0;162.0;66.0;34.0;38.0;40.0;35.0;66.0;141.0;153.0;97.0;35.0;35.0;39.0;35.0;73.0;136.0;255.0;125.0;43.0;36.0;35.0;38.0;84.0;255.0;255.0;122.0;89.0;44.0;43.0;113.0;106.0;255.0;255.0;255.0;255.0;88.0;79.0;255.0;255.0;255.0;0.0
255.0;255.0;255.0;129.0;147.0;255.0;255.0;255.0;255.0;134.0;59.0;54.0;60.0;67.0;171.0;255.0;255.0;65.0;46.0;33.0;35.0;65.0;72.0;255.0;210.0;70.0;39.0;41.0;38.0;35.0;77.0;189.0;172.0;60.0;35.0;41.0;37.0;34.0;70.0;183.0;255.0;111.0;63.0;34.0;35.0;59.0;89.0;255.0;255.0;116.0;129.0;47.0;43.0;92.0;129.0;255.0;255.0;255.0;255.0;94.0;106.0;255.0;255.0;255.0;0.0
255.0;255.0;255.0;94.0;98.0;255.0;255.0;255.0;255.0;134.0;70.0;56.0;59.0;61.0;125.0;255.0;255.0;75.0;39.0;35.0;34.0;38.0;68.0;255.0;161.0;62.0;35.0;40.0;38.0;34.0;88.0;151.0;146.0;72.0;35.0;44.0;39.0;34.0;76.0;141.0;255.0;84.0;45.0;36.0;37.0;41.0;102.0;255.0;255.0;119.0;98.0;80.0;96.0;103.0;127.0;255.0;255.0;255.0;255.0;110.0;115.0;255.0;255.0;255.0;0.0
255.0;255.0;255.0;119.0;127.0;255.0;255.0;255.0;255.0;119.0;61.0;64.0;89.0;91.0;146.0;255.0;255.0;71.0;45.0;34.0;33.0;43.0;95.0;255.0;123.0;76.0;34.0;38.0;40.0;34.0;93.0;133.0;128.0;65.0;36.0;37.0;38.0;35.0;102.0;125.0;255.0;82.0;41.0;33.0;34.0;39.0;76.0;255.0;255.0;140.0;59.0;48.0;40.0;81.0;98.0;255.0;255.0;255.0;255.0;108.0;95.0;255.0;255.0;255.0;0.0
255.0;255.0;255.0;135.0;133.0;255.0;255.0;255.0;255.0;163.0;77.0;57.0;65.0;68.0;177.0;255.0;255.0;75.0;42.0;34.0;36.0;39.0;83.0;255.0;189.0;63.0;36.0;38.0;35.0;35.0;90.0;133.0;190.0;64.0;37.0;39.0;37.0;35.0;86.0;127.0;255.0;80.0;78.0;36.0;34.0;48.0;104.0;255.0;255.0;195.0;55.0;44.0;59.0;137.0;121.0;255.0;255.0;255.0;255.0;110.0;102.0;255.0;255.0;255.0;0.0
255.0;255.0;255.0;146.0;130.0;255.0;255.0;255.0;255.0;150.0;67.0;62.0;72.0;78.0;120.0;255.0;255.0;70.0;61.0;34.0;35.0;40.0;104.0;255.0;154.0;64.0;38.0;49.0;39.0;35.0;74.0;93.0;149.0;64.0;37.0;39.0;43.0;35.0;74.0;87.0;255.0;93.0;76.0;35.0;35.0;54.0;107.0;255.0;255.0;128.0;62.0;49.0;55.0;106.0;98.0;255.0;255.0;255.0;255.0;117.0;126.0;255.0;255.0;255.0;0.0
255.0;255.0;255.0;113.0;115.0;255.0;255.0;255.0;255.0;124.0;72.0;65.0;64.0;66.0;140.0;255.0;255.0;83.0;49.0;31.0;33.0;52.0;70.0;255.0;156.0;100.0;36.0;40.0;38.0;35.0;66.0;121.0;136.0;70.0;37.0;38.0;39.0;35.0;66.0;122.0;255.0;92.0;37.0;36.0;35.0;53.0;74.0;255.0;255.0;93.0;57.0;36.0;41.0;110.0;112.0;255.0;255.0;255.0;255.0;96.0;98.0;255.0;255.0;255.0;0.0
255.0;255.0;255.0;142.0;141.0;255.0;255.0;255.0;255.0;167.0;72.0;61.0;63.0;67.0;186.0;255.0;255.0;76.0;48.0;34.0;33.0;42.0;69.0;255.0;185.0;63.0;36.0;39.0;40.0;34.0;68.0;131.0;190.0;62.0;37.0;37.0;36.0;33.0;80.0;112.0;255.0;84.0;46.0;34.0;35.0;41.0;95.0;255.0;255.0;185.0;84.0;38.0;36.0;86.0;101.0;255.0;255.0;255.0;255.0;107.0;87.0;255.0;255.0;255.0;0.0
255.0;255.0;255.0;111.0;125.0;255.0;255.0;255.0;255.0;140.0;58.0;59.0;62.0;63.0;147.0;255.0;255.0;71.0;50.0;31.0;33.0;44.0;71.0;255.0;141.0;62.0;35.0;39.0;44.0;35.0;79.0;131.0;152.0;76.0;46.0;38.0;38.0;34.0;71.0;126.0;255.0;92.0;51.0;35.0;33.0;50.0;102.0;255.0;255.0;130.0;84.0;80.0;69.0;109.0;116.0;255.0;255.0;255.0;255.0;100.0;89.0;255.0;255.0;255.0;0.0
255.0;255.0;255.0;107.0;137.0;255.0;255.0;255.0;255.0;83.0;59.0;72.0;62.0;63.0;215.0;255.0;255.0;71.0;64.0;36.0;35.0;64.0;68.0;255.0;114.0;64.0;35.0;39.0;46.0;37.0;73.0;145.0;155.0;100.0;37.0;38.0;39.0;37.0;93.0;130.0;255.0;124.0;48.0;36.0;35.0;39.0;100.0;255.0;255.0;223.0;56.0;42.0;37.0;76.0;100.0;255.0;255.0;255.0;255.0;134.0;108.0;255.0;255.0;255.0;0.0
255.0;255.0;255.0;156.0;146.0;255.0;255.0;255.0;255.0;126.0;70.0;59.0;60.0;66.0;139.0;255.0;255.0;78.0;58.0;37.0;32.0;45.0;69.0;255.0;129.0;87.0;37.0;46.0;39.0;34.0;64.0;99.0;123.0;99.0;36.0;42.0;38.0;33.0;65.0;106.0;255.0;87.0;57.0;35.0;35.0;46.0;78.0;255.0;255.0;123.0;59.0;35.0;60.0;105.0;101.0;255.0;255.0;255.0;255.0;131.0;139.0;255.0;255.0;255.0;0.0
255.0;255.0;255.0;125.0;128.0;255.0;255.0;255.0;255.0;124.0;60.0;53.0;55.0;73.0;136.0;255.0;255.0;66.0;40.0;34.0;34.0;45.0;72.0;255.0;136.0;64.0;33.0;37.0;36.0;35.0;70.0;131.0;138.0;67.0;35.0;38.0;49.0;35.0;67.0;121.0;255.0;86.0;38.0;34.0;34.0;39.0;108.0;255.0;255.0;128.0;71.0;58.0;53.0;108.0;103.0;255.0;255.0;255.0;255.0;113.0;110.0;255.0;255.0;255.0;0.0
255.0;255.0;255.0;156.0;147.0;255.0;255.0;255.0;255.0;163.0;57.0;64.0;57.0;59.0;129.0;255.0;255.0;58.0;70.0;37.0;42.0;55.0;65.0;255.0;143.0;68.0;35.0;39.0;40.0;34.0;77.0;102.0;144.0;65.0;33.0;38.0;37.0;34.0;70.0;99.0;255.0;110.0;48.0;33.0;34.0;50.0;120.0;255.0;255.0;119.0;98.0;71.0;63.0;126.0;120.0;255.0;255.0;255.0;255.0;125.0;123.0;255.0;255.0;255.0;0.0
255.0;255.0;255.0;145.0;152.0;255.0;255.0;255.0;255.0;150.0;57.0;56.0;60.0;60.0;135.0;255.0;255.0;68.0;38.0;35.0;34.0;49.0;66.0;255.0;149.0;62.0;34.0;36.0;37.0;35.0;65.0;105.0;144.0;114.0;35.0;36.0;38.0;35.0;89.0;105.0;255.0;124.0;38.0;34.0;35.0;65.0;113.0;255.0;255.0;139.0;64.0;37.0;46.0;126.0;119.0;255.0;255.0;255.0;255.0;131.0;116.0;255.0;255.0;255.0;0.0
255.0;255.0;255.0;127.0;123.0;255.0;255.0;255.0;255.0;152.0;67.0;59.0;76.0;87.0;134.0;255.0;255.0;76.0;55.0;34.0;37.0;45.0;106.0;255.0;139.0;62.0;36.0;37.0;38.0;34.0;75.0;110.0;128.0;67.0;37.0;40.0;36.0;36.0;75.0;116.0;255.0;89.0;56.0;32.0;35.0;45.0;134.0;255.0;255.0;110.0;56.0;47.0;48.0;125.0;111.0;255.0;255.0;255.0;255.0;118.0;104.0;255.0;255.0;255.0;0.0
255.0;255.0;255.0;150.0;146.0;255.0;255.0;255.0;255.0;147.0;65.0;55.0;58.0;63.0;131.0;255.0;255.0;87.0;46.0;34.0;32.0;73.0;66.0;255.0;150.0;65.0;35.0;38.0;37.0;36.0;67.0;131.0;124.0;66.0;35.0;37.0;37.0;37.0;66.0;130.0;255.0;111.0;44.0;35.0;32.0;48.0;67.0;255.0;255.0;63.0;97.0;52.0;93.0;74.0;126.0;255.0;255.0;255.0;255.0;69.0;86.0;255.0;255.0;255.0;0.0
255.0;255.0;255.0;147.0;149.0;255.0;255.0;255.0;255.0;152.0;71.0;67.0;77.0;67.0;120.0;255.0;255.0;72.0;66.0;32.0;32.0;46.0;74.0;255.0;155.0;63.0;33.0;38.0;40.0;33.0;78.0;100.0;140.0;67.0;37.0;37.0;37.0;34.0;71.0;97.0;255.0;102.0;50.0;34.0;35.0;41.0;75.0;255.0;255.0;117.0;62.0;53.0;40.0;79.0;110.0;255.0;255.0;255.0;255.0;112.0;117.0;255.0;255.0;255.0;0.0
255.0;255.0;255.0;165.0;162.0;255.0;255.0;255.0;255.0;138.0;66.0;55.0;57.0;65.0;160.0;255.0;255.0;79.0;43.0;35.0;34.0;39.0;86.0;255.0;124.0;69.0;36.0;37.0;37.0;36.0;72.0;161.0;121.0;82.0;36.0;37.0;44.0;35.0;65.0;139.0;255.0;116.0;41.0;34.0;34.0;52.0;77.0;255.0;255.0;109.0;68.0;54.0;60.0;80.0;126.0;255.0;255.0;255.0;255.0;137.0;164.0;255.0;255.0;255.0;0.0
255.0;255.0;255.0;166.0;158.0;255.0;255.0;255.0;255.0;144.0;62.0;56.0;57.0;61.0;136.0;255.0;255.0;74.0;52.0;36.0;34.0;55.0;77.0;255.0;130.0;65.0;37.0;43.0;45.0;35.0;78.0;122.0;124.0;67.0;37.0;51.0;54.0;35.0;77.0;111.0;255.0;98.0;49.0;34.0;36.0;53.0;132.0;255.0;255.0;92.0;77.0;75.0;59.0;132.0;105.0;255.0;255.0;255.0;255.0;124.0;140.0;255.0;255.0;255.0;0.0
255.0;255.0;255.0;140.0;138.0;255.0;255.0;255.0;255.0;124.0;65.0;55.0;55.0;70.0;96.0;255.0;255.0;70.0;59.0;36.0;35.0;66.0;101.0;255.0;135.0;65.0;36.0;40.0;41.0;34.0;76.0;88.0;136.0;66.0;35.0;36.0;38.0;35.0;69.0;87.0;255.0;95.0;61.0;36.0;35.0;50.0;129.0;255.0;255.0;124.0;68.0;80.0;73.0;141.0;90.0;255.0;255.0;255.0;255.0;128.0;124.0;255.0;255.0;255.0;0.0
255.0;255.0;255.0;179.0;185.0;255.0;255.0;255.0;255.0;178.0;65.0;57.0;60.0;66.0;197.0;255.0;255.0;70.0;48.0;35.0;35.0;64.0;79.0;255.0;189.0;62.0;35.0;36.0;36.0;33.0;65.0;146.0;196.0;64.0;35.0;36.0;37.0;33.0;78.0;123.0;255.0;115.0;37.0;36.0;32.0;51.0;100.0;255.0;255.0;184.0;96.0;47.0;34.0;87.0;91.0;255.0;255.0;255.0;255.0;95.0;81.0;255.0;255.0;255.0;0.0
255.0;255.0;255.0;101.0;99.0;255.0;255.0;255.0;255.0;125.0;77.0;59.0;61.0;70.0;112.0;255.0;255.0;75.0;77.0;38.0;38.0;58.0;72.0;255.0;158.0;66.0;37.0;39.0;42.0;37.0;68.0;131.0;147.0;76.0;40.0;37.0;41.0;36.0;101.0;144.0;255.0;99.0;67.0;39.0;36.0;57.0;88.0;255.0;255.0;105.0;106.0;37.0;39.0;115.0;136.0;255.0;255.0;255.0;255.0;101.0;111.0;255.0;255.0;255.0;0.0
255.0;255.0;255.0;164.0;162.0;255.0;255.0;255.0;255.0;173.0;68.0;60.0;62.0;64.0;161.0;255.0;255.0;72.0;55.0;42.0;38.0;39.0;71.0;255.0;167.0;65.0;36.0;38.0;42.0;36.0;81.0;97.0;168.0;67.0;37.0;40.0;38.0;36.0;80.0;80.0;255.0;96.0;60.0;37.0;37.0;42.0;132.0;255.0;255.0;171.0;95.0;39.0;57.0;111.0;77.0;255.0;255.0;255.0;255.0;109.0;76.0;255.0;255.0;255.0;0.0
255.0;255.0;255.0;177.0;180.0;255.0;255.0;255.0;255.0;179.0;69.0;59.0;64.0;68.0;188.0;255.0;255.0;69.0;42.0;35.0;35.0;46.0;69.0;255.0;132.0;73.0;35.0;39.0;39.0;34.0;65.0;157.0;128.0;116.0;38.0;42.0;40.0;35.0;66.0;153.0;255.0;116.0;57.0;35.0;34.0;51.0;74.0;255.0;255.0;83.0;61.0;45.0;68.0;126.0;152.0;255.0;255.0;255.0;255.0;88.0;95.0;255.0;255.0;255.0;0.0
255.0;255.0;255.0;135.0;161.0;255.0;255.0;255.0;255.0;154.0;67.0;59.0;58.0;66.0;217.0;255.0;255.0;66.0;63.0;35.0;35.0;41.0;126.0;255.0;203.0;78.0;55.0;40.0;38.0;34.0;69.0;198.0;197.0;74.0;38.0;39.0;37.0;35.0;68.0;189.0;255.0;165.0;82.0;36.0;35.0;47.0;89.0;255.0;255.0;130.0;85.0;74.0;37.0;85.0;108.0;255.0;255.0;255.0;255.0;87.0;97.0;255.0;255.0;255.0;0.0
255.0;255.0;255.0;110.0;113.0;255.0;255.0;255.0;255.0;137.0;65.0;56.0;77.0;99.0;157.0;255.0;255.0;66.0;56.0;34.0;33.0;47.0;85.0;255.0;167.0;93.0;36.0;38.0;37.0;34.0;68.0;137.0;174.0;67.0;36.0;38.0;38.0;36.0;70.0;125.0;255.0;79.0;59.0;35.0;36.0;41.0;148.0;255.0;255.0;158.0;41.0;48.0;56.0;98.0;104.0;255.0;255.0;255.0;255.0;94.0;89.0;255.0;255.0;255.0;0.0
255.0;255.0;255.0;132.0;107.0;255.0;255.0;255.0;255.0;169.0;63.0;64.0;58.0;81.0;110.0;255.0;255.0;70.0;63.0;35.0;33.0;47.0;115.0;255.0;154.0;68.0;37.0;46.0;39.0;35.0;80.0;109.0;144.0;65.0;36.0;39.0;39.0;35.0;68.0;117.0;255.0;91.0;58.0;36.0;37.0;57.0;97.0;255.0;255.0;111.0;105.0;72.0;37.0;107.0;158.0;255.0;255.0;255.0;255.0;100.0;124.0;255.0;255.0;255.0;0.0
255.0;255.0;255.0;146.0;147.0;255.0;255.0;255.0;255.0;162.0;77.0;62.0;69.0;66.0;145.0;255.0;255.0;82.0;38.0;36.0;34.0;38.0;67.0;255.0;137.0;73.0;36.0;36.0;37.0;34.0;64.0;123.0;125.0;81.0;36.0;37.0;42.0;33.0;64.0;122.0;255.0;99.0;52.0;35.0;36.0;48.0;68.0;255.0;255.0;102.0;74.0;51.0;65.0;82.0;139.0;255.0;255.0;255.0;255.0;113.0;128.0;255.0;255.0;255.0;0.0
255.0;255.0;255.0;150.0;149.0;255.0;255.0;255.0;255.0;159.0;61.0;59.0;62.0;82.0;139.0;255.0;255.0;66.0;49.0;34.0;33.0;51.0;110.0;255.0;122.0;69.0;33.0;34.0;34.0;35.0;83.0;114.0;110.0;76.0;32.0;45.0;38.0;35.0;74.0;106.0;255.0;78.0;55.0;35.0;36.0;80.0;129.0;255.0;255.0;69.0;65.0;86.0;86.0;119.0;110.0;255.0;255.0;255.0;255.0;82.0;97.0;255.0;255.0;255.0;0.0
255.0;255.0;255.0;146.0;128.0;255.0;255.0;255.0;255.0;127.0;68.0;57.0;69.0;70.0;132.0;255.0;255.0;72.0;49.0;36.0;35.0;44.0;95.0;255.0;145.0;61.0;34.0;45.0;45.0;34.0;78.0;83.0;135.0;62.0;36.0;38.0;40.0;36.0;88.0;81.0;255.0;107.0;47.0;35.0;34.0;44.0;120.0;255.0;255.0;146.0;65.0;58.0;58.0;97.0;87.0;255.0;255.0;255.0;255.0;137.0;129.0;255.0;255.0;255.0;0.0
255.0;255.0;255.0;149.0;142.0;255.0;255.0;255.0;255.0;113.0;66.0;58.0;60.0;68.0;152.0;255.0;255.0;84.0;47.0;35.0;34.0;70.0;68.0;255.0;95.0;106.0;35.0;37.0;46.0;35.0;67.0;130.0;92.0;134.0;35.0;37.0;38.0;36.0;67.0;123.0;255.0;133.0;60.0;34.0;34.0;77.0;68.0;255.0;255.0;76.0;113.0;107.0;127.0;69.0;129.0;255.0;255.0;255.0;255.0;103.0;123.0;255.0;255.0;255.0;0.0
255.0;255.0;255.0;128.0;117.0;255.0;255.0;255.0;255.0;138.0;89.0;61.0;82.0;123.0;111.0;255.0;255.0;78.0;47.0;34.0;34.0;50.0;109.0;255.0;139.0;63.0;37.0;38.0;39.0;34.0;83.0;103.0;122.0;61.0;35.0;37.0;38.0;34.0;93.0;105.0;255.0;79.0;63.0;35.0;34.0;49.0;79.0;255.0;255.0;109.0;51.0;54.0;52.0;83.0;113.0;255.0;255.0;255.0;255.0;113.0;113.0;255.0;255.0;255.0;0.0
255.0;255.0;255.0;153.0;133.0;255.0;255.0;255.0;255.0;137.0;72.0;58.0;57.0;68.0;152.0;255.0;255.0;94.0;58.0;35.0;33.0;70.0;71.0;255.0;105.0;80.0;35.0;35.0;36.0;34.0;77.0;144.0;99.0;84.0;36.0;39.0;40.0;34.0;73.0;141.0;255.0;105.0;76.0;35.0;34.0;82.0;102.0;255.0;255.0;91.0;65.0;44.0;43.0;86.0;134.0;255.0;255.0;255.0;255.0;125.0;143.0;255.0;255.0;255.0;0.0
255.0;255.0;255.0;181.0;191.0;255.0;255.0;255.0;255.0;199.0;63.0;63.0;69.0;65.0;216.0;255.0;255.0;86.0;43.0;34.0;33.0;45.0;67.0;255.0;188.0;66.0;34.0;38.0;39.0;35.0;66.0;198.0;133.0;68.0;35.0;38.0;42.0;34.0;63.0;195.0;255.0;69.0;53.0;34.0;35.0;49.0;67.0;255.0;255.0;50.0;45.0;37.0;41.0;93.0;119.0;255.0;255.0;255.0;255.0;42.0;48.0;255.0;255.0;255.0;0.0
255.0;255.0;255.0;196.0;191.0;255.0;255.0;255.0;255.0;213.0;60.0;60.0;63.0;58.0;199.0;255.0;255.0;65.0;69.0;41.0;40.0;68.0;68.0;255.0;217.0;70.0;33.0;38.0;40.0;35.0;69.0;97.0;198.0;84.0;35.0;36.0;39.0;36.0;96.0;85.0;255.0;82.0;63.0;32.0;35.0;48.0;73.0;255.0;255.0;221.0;79.0;51.0;60.0;108.0;83.0;255.0;255.0;255.0;255.0;135.0;103.0;255.0;255.0;255.0;0.0
255.0;255.0;255.0;163.0;165.0;255.0;255.0;255.0;255.0;196.0;63.0;59.0;70.0;62.0;188.0;255.0;255.0;77.0;43.0;35.0;35.0;72.0;69.0;255.0;193.0;81.0;35.0;38.0;36.0;36.0;66.0;195.0;126.0;68.0;33.0;39.0;45.0;35.0;63.0;201.0;255.0;81.0;54.0;36.0;34.0;44.0;70.0;255.0;255.0;55.0;77.0;67.0;39.0;90.0;130.0;255.0;255.0;255.0;255.0;47.0;57.0;255.0;255.0;255.0;0.0
255.0;255.0;255.0;186.0;185.0;255.0;255.0;255.0;255.0;201.0;62.0;62.0;60.0;74.0;131.0;255.0;255.0;65.0;70.0;35.0;33.0;37.0;116.0;255.0;178.0;73.0;40.0;39.0;37.0;35.0;68.0;97.0;179.0;81.0;37.0;36.0;37.0;34.0;70.0;84.0;255.0;82.0;58.0;36.0;34.0;63.0;133.0;255.0;255.0;147.0;68.0;45.0;40.0;129.0;103.0;255.0;255.0;255.0;255.0;183.0;163.0;255.0;255.0;255.0;0.0
255.0;255.0;255.0;226.0;203.0;255.0;255.0;255.0;255.0;167.0;76.0;64.0;72.0;63.0;171.0;255.0;255.0;93.0;48.0;35.0;34.0;41.0;86.0;255.0;144.0;89.0;35.0;37.0;36.0;34.0;68.0;164.0;125.0;83.0;39.0;39.0;40.0;36.0;69.0;155.0;255.0;128.0;69.0;36.0;36.0;91.0;70.0;255.0;255.0;96.0;53.0;64.0;37.0;81.0;161.0;255.0;255.0;255.0;255.0;166.0;202.0;255.0;255.0;255.0;0.0
255.0;255.0;255.0;153.0;146.0;255.0;255.0;255.0;255.0;154.0;61.0;65.0;60.0;66.0;158.0;255.0;255.0;68.0;59.0;34.0;33.0;45.0;86.0;255.0;114.0;71.0;36.0;38.0;37.0;34.0;73.0;129.0;110.0;74.0;34.0;37.0;44.0;35.0;67.0;97.0;255.0;75.0;48.0;34.0;34.0;49.0;99.0;255.0;255.0;93.0;96.0;56.0;35.0;135.0;109.0;255.0;255.0;255.0;255.0;98.0;129.0;255.0;255.0;255.0;0.0
255.0;255.0;255.0;206.0;205.0;255.0;255.0;255.0;255.0;228.0;61.0;54.0;77.0;78.0;187.0;255.0;255.0;66.0;59.0;35.0;32.0;39.0;107.0;255.0;206.0;70.0;36.0;36.0;36.0;34.0;71.0;99.0;202.0;72.0;37.0;40.0;38.0;34.0;71.0;93.0;255.0;68.0;71.0;34.0;37.0;60.0;133.0;255.0;255.0;190.0;49.0;53.0;40.0;85.0;86.0;255.0;255.0;255.0;255.0;135.0;112.0;255.0;255.0;255.0;0.0
255.0;255.0;255.0;91.0;86.0;255.0;255.0;255.0;255.0;152.0;87.0;62.0;81.0;94.0;113.0;255.0;255.0;68.0;71.0;34.0;33.0;57.0;108.0;255.0;222.0;67.0;36.0;39.0;40.0;35.0;71.0;160.0;188.0;71.0;35.0;36.0;35.0;34.0;73.0;189.0;255.0;89.0;78.0;34.0;36.0;68.0;122.0;255.0;255.0;144.0;60.0;48.0;34.0;89.0;164.0;255.0;255.0;255.0;255.0;111.0;130.0;255.0;255.0;255.0;0.0
255.0;255.0;255.0;154.0;152.0;255.0;255.0;255.0;255.0;145.0;78.0;65.0;63.0;66.0;131.0;255.0;255.0;91.0;47.0;34.0;31.0;51.0;68.0;255.0;154.0;93.0;34.0;36.0;40.0;33.0;65.0;108.0;137.0;88.0;35.0;37.0;37.0;35.0;65.0;109.0;255.0;106.0;41.0;34.0;34.0;45.0;69.0;255.0;255.0;105.0;84.0;52.0;63.0;83.0;103.0;255.0;255.0;255.0;255.0;118.0;118.0;255.0;255.0;255.0;0.0
255.0;255.0;255.0;138.0;139.0;255.0;255.0;255.0;255.0;150.0;66.0;61.0;66.0;67.0;145.0;255.0;255.0;74.0;39.0;35.0;34.0;48.0;70.0;255.0;159.0;115.0;34.0;38.0;36.0;33.0;66.0;143.0;141.0;69.0;34.0;36.0;37.0;33.0;63.0;138.0;255.0;131.0;52.0;33.0;35.0;44.0;77.0;255.0;255.0;88.0;101.0;37.0;44.0;100.0;123.0;255.0;255.0;255.0;255.0;77.0;79.0;255.0;255.0;255.0;0.0
255.0;255.0;255.0;112.0;110.0;255.0;255.0;255.0;255.0;121.0;82.0;64.0;77.0;99.0;134.0;255.0;255.0;75.0;54.0;34.0;36.0;63.0;151.0;255.0;154.0;66.0;37.0;38.0;38.0;37.0;95.0;151.0;160.0;69.0;36.0;40.0;47.0;35.0;105.0;126.0;255.0;99.0;65.0;35.0;35.0;48.0;87.0;255.0;255.0;130.0;54.0;61.0;44.0;92.0;91.0;255.0;255.0;255.0;255.0;88.0;74.0;255.0;255.0;255.0;0.0
255.0;255.0;255.0;130.0;124.0;255.0;255.0;255.0;255.0;134.0;75.0;62.0;75.0;71.0;134.0;255.0;255.0;75.0;57.0;35.0;37.0;46.0;78.0;255.0;146.0;64.0;34.0;42.0;42.0;34.0;102.0;105.0;140.0;72.0;36.0;39.0;38.0;36.0;77.0;96.0;255.0;98.0;45.0;36.0;36.0;42.0;76.0;255.0;255.0;123.0;60.0;43.0;58.0;87.0;109.0;255.0;255.0;255.0;255.0;124.0;124.0;255.0;255.0;255.0;0.0
255.0;255.0;255.0;128.0;148.0;255.0;255.0;255.0;255.0;137.0;67.0;56.0;61.0;66.0;138.0;255.0;255.0;70.0;59.0;35.0;34.0;60.0;75.0;255.0;142.0;64.0;35.0;47.0;39.0;34.0;85.0;129.0;144.0;68.0;34.0;37.0;37.0;33.0;83.0;111.0;255.0;102.0;55.0;33.0;35.0;44.0;101.0;255.0;255.0;123.0;61.0;66.0;62.0;111.0;110.0;255.0;255.0;255.0;255.0;129.0;115.0;255.0;255.0;255.0;0.0
255.0;255.0;255.0;96.0;103.0;255.0;255.0;255.0;255.0;106.0;67.0;64.0;58.0;68.0;127.0;255.0;255.0;70.0;56.0;33.0;33.0;48.0;78.0;255.0;153.0;78.0;36.0;43.0;39.0;33.0;86.0;145.0;154.0;66.0;35.0;36.0;36.0;35.0;83.0;133.0;255.0;124.0;49.0;34.0;34.0;52.0;110.0;255.0;255.0;108.0;101.0;54.0;73.0;138.0;115.0;255.0;255.0;255.0;255.0;84.0;87.0;255.0;255.0;255.0;0.0
255.0;255.0;255.0;156.0;145.0;255.0;255.0;255.0;255.0;146.0;79.0;60.0;60.0;66.0;97.0;255.0;255.0;99.0;54.0;34.0;33.0;55.0;70.0;255.0;149.0;76.0;35.0;36.0;42.0;37.0;67.0;75.0;146.0;79.0;35.0;36.0;37.0;35.0;62.0;75.0;255.0;135.0;50.0;36.0;35.0;61.0;78.0;255.0;255.0;133.0;101.0;55.0;61.0;102.0;87.0;255.0;255.0;255.0;255.0;137.0;123.0;255.0;255.0;255.0;0.0
255.0;255.0;255.0;123.0;129.0;255.0;255.0;255.0;255.0;153.0;70.0;58.0;63.0;61.0;149.0;255.0;255.0;72.0;44.0;36.0;36.0;42.0;68.0;255.0;153.0;65.0;34.0;39.0;39.0;34.0;69.0;158.0;144.0;105.0;38.0;39.0;40.0;36.0;90.0;137.0;255.0;132.0;39.0;36.0;33.0;39.0;98.0;255.0;255.0;129.0;99.0;59.0;40.0;93.0;94.0;255.0;255.0;255.0;255.0;91.0;83.0;255.0;255.0;255.0;0.0
255.0;255.0;255.0;187.0;174.0;255.0;255.0;255.0;255.0;153.0;72.0;58.0;58.0;66.0;153.0;255.0;255.0;73.0;50.0;35.0;33.0;47.0;92.0;255.0;174.0;61.0;35.0;40.0;40.0;36.0;78.0;111.0;175.0;69.0;37.0;39.0;37.0;35.0;92.0;100.0;255.0;111.0;58.0;36.0;34.0;50.0;120.0;255.0;255.0;152.0;73.0;56.0;62.0;143.0;109.0;255.0;255.0;255.0;255.0;180.0;165.0;255.0;255.0;255.0;0.0
255.0;255.0;255.0;168.0;163.0;255.0;255.0;255.0;255.0;185.0;70.0;57.0;59.0;67.0;148.0;255.0;255.0;71.0;44.0;32.0;34.0;52.0;76.0;255.0;182.0;74.0;35.0;40.0;35.0;34.0;85.0;78.0;181.0;61.0;32.0;36.0;46.0;32.0;83.0;72.0;255.0;87.0;52.0;35.0;34.0;55.0;83.0;255.0;255.0;179.0;77.0;71.0;38.0;81.0;76.0;255.0;255.0;255.0;255.0;133.0;98.0;255.0;255.0;255.0;0.0
255.0;255.0;255.0;125.0;136.0;255.0;255.0;255.0;255.0;145.0;62.0;57.0;66.0;64.0;156.0;255.0;255.0;72.0;50.0;35.0;35.0;41.0;69.0;255.0;169.0;65.0;36.0;39.0;42.0;36.0;72.0;159.0;153.0;74.0;38.0;38.0;40.0;36.0;88.0;156.0;255.0;165.0;44.0;35.0;34.0;42.0;90.0;255.0;255.0;98.0;101.0;58.0;54.0;136.0;121.0;255.0;255.0;255.0;255.0;79.0;79.0;255.0;255.0;255.0;0.0
255.0;255.0;255.0;138.0;147.0;255.0;255.0;255.0;255.0;158.0;66.0;78.0;68.0;63.0;136.0;255.0;255.0;70.0;73.0;46.0;36.0;52.0;70.0;255.0;157.0;67.0;35.0;46.0;38.0;34.0;108.0;102.0;153.0;67.0;36.0;35.0;37.0;35.0;70.0;95.0;255.0;108.0;58.0;37.0;35.0;45.0;126.0;255.0;255.0;148.0;86.0;59.0;61.0;133.0;101.0;255.0;255.0;255.0;255.0;128.0;109.0;255.0;255.0;255.0;0.0
255.0;255.0;255.0;90.0;103.0;255.0;255.0;255.0;255.0;113.0;73.0;58.0;60.0;84.0;128.0;255.0;255.0;71.0;64.0;34.0;32.0;44.0;108.0;255.0;146.0;70.0;34.0;42.0;39.0;34.0;89.0;145.0;147.0;71.0;34.0;38.0;36.0;33.0;74.0;136.0;255.0;107.0;77.0;34.0;32.0;39.0;115.0;255.0;255.0;121.0;103.0;93.0;46.0;91.0;133.0;255.0;255.0;255.0;255.0;118.0;122.0;255.0;255.0;255.0;0.0
255.0;255.0;255.0;151.0;152.0;255.0;255.0;255.0;255.0;122.0;68.0;60.0;72.0;81.0;127.0;255.0;255.0;71.0;46.0;32.0;31.0;41.0;91.0;255.0;137.0;64.0;35.0;39.0;36.0;34.0;84.0;85.0;142.0;63.0;34.0;38.0;37.0;32.0;87.0;79.0;255.0;84.0;59.0;34.0;34.0;46.0;119.0;255.0;255.0;151.0;63.0;56.0;90.0;132.0;85.0;255.0;255.0;255.0;255.0;143.0;132.0;255.0;255.0;255.0;0.0
255.0;255.0;255.0;146.0;182.0;255.0;255.0;255.0;255.0;139.0;89.0;62.0;80.0;82.0;203.0;255.0;255.0;89.0;55.0;35.0;35.0;39.0;96.0;255.0;158.0;78.0;37.0;39.0;36.0;35.0;92.0;148.0;168.0;74.0;37.0;37.0;40.0;34.0;80.0;127.0;255.0;95.0;62.0;37.0;35.0;45.0;91.0;255.0;255.0;212.0;68.0;38.0;45.0;89.0;112.0;255.0;255.0;255.0;255.0;151.0;141.0;255.0;255.0;255.0;0.0
255.0;255.0;255.0;162.0;154.0;255.0;255.0;255.0;255.0;156.0;65.0;67.0;61.0;68.0;146.0;255.0;255.0;64.0;60.0;36.0;34.0;41.0;96.0;255.0;156.0;70.0;38.0;36.0;36.0;37.0;78.0;123.0;146.0;71.0;37.0;37.0;43.0;35.0;69.0;115.0;255.0;100.0;60.0;37.0;35.0;46.0;81.0;255.0;255.0;109.0;93.0;44.0;35.0;119.0;118.0;255.0;255.0;255.0;255.0;108.0;119.0;255.0;255.0;255.0;0.0
255.0;255.0;255.0;144.0;134.0;255.0;255.0;255.0;255.0;154.0;65.0;56.0;60.0;66.0;139.0;255.0;255.0;67.0;38.0;33.0;34.0;36.0;84.0;255.0;135.0;68.0;35.0;37.0;39.0;35.0;118.0;129.0;135.0;65.0;35.0;38.0;37.0;32.0;79.0;127.0;255.0;96.0;46.0;36.0;34.0;41.0;103.0;255.0;255.0;95.0;87.0;83.0;44.0;104.0;135.0;255.0;255.0;255.0;255.0;88.0;106.0;255.0;255.0;255.0;0.0
255.0;255.0;255.0;92.0;105.0;255.0;255.0;255.0;255.0;98.0;77.0;59.0;68.0;72.0;139.0;255.0;255.0;74.0;66.0;34.0;31.0;63.0;70.0;255.0;137.0;63.0;36.0;38.0;37.0;33.0;92.0;160.0;164.0;75.0;35.0;41.0;37.0;35.0;88.0;145.0;255.0;95.0;82.0;36.0;35.0;68.0;95.0;255.0;255.0;141.0;66.0;61.0;93.0;106.0;117.0;255.0;255.0;255.0;255.0;121.0;111.0;255.0;255.0;255.0;0.0
255.0;255.0;255.0;130.0;137.0;255.0;255.0;255.0;255.0;140.0;66.0;66.0;64.0;62.0;145.0;255.0;255.0;70.0;72.0;45.0;38.0;52.0;69.0;255.0;151.0;63.0;36.0;43.0;38.0;34.0;123.0;121.0;143.0;68.0;37.0;37.0;38.0;34.0;69.0;112.0;255.0;134.0;55.0;36.0;34.0;63.0;99.0;255.0;255.0;126.0;88.0;39.0;59.0;79.0;102.0;255.0;255.0;255.0;255.0;109.0;101.0;255.0;255.0;255.0;0.0
255.0;255.0;255.0;138.0;136.0;255.0;255.0;255.0;255.0;150.0;90.0;61.0;63.0;73.0;127.0;255.0;255.0;85.0;49.0;34.0;32.0;52.0;70.0;255.0;137.0;81.0;35.0;38.0;37.0;35.0;68.0;129.0;148.0;70.0;38.0;37.0;39.0;34.0;76.0;113.0;255.0;100.0;58.0;37.0;33.0;70.0;75.0;255.0;255.0;132.0;87.0;85.0;92.0;98.0;88.0;255.0;255.0;255.0;255.0;84.0;73.0;255.0;255.0;255.0;0.0
255.0;255.0;255.0;138.0;143.0;255.0;255.0;255.0;255.0;158.0;76.0;60.0;61.0;81.0;159.0;255.0;255.0;74.0;54.0;34.0;36.0;42.0;86.0;255.0;170.0;70.0;40.0;41.0;43.0;37.0;109.0;146.0;148.0;68.0;38.0;39.0;39.0;35.0;107.0;146.0;255.0;140.0;42.0;36.0;37.0;49.0;93.0;255.0;255.0;99.0;90.0;127.0;127.0;119.0;119.0;255.0;255.0;255.0;255.0;91.0;75.0;255.0;255.0;255.0;0.0
255.0;255.0;255.0;168.0;165.0;255.0;255.0;255.0;255.0;138.0;72.0;59.0;60.0;65.0;143.0;255.0;255.0;82.0;47.0;35.0;33.0;49.0;74.0;255.0;115.0;111.0;35.0;38.0;38.0;35.0;67.0;134.0;105.0;123.0;37.0;48.0;45.0;36.0;70.0;143.0;255.0;99.0;62.0;35.0;36.0;64.0;80.0;255.0;255.0;88.0;103.0;95.0;66.0;116.0;151.0;255.0;255.0;255.0;255.0;134.0;161.0;255.0;255.0;255.0;0.0
255.0;255.0;255.0;163.0;166.0;255.0;255.0;255.0;255.0;190.0;67.0;64.0;64.0;66.0;195.0;255.0;255.0;67.0;70.0;35.0;34.0;70.0;76.0;255.0;210.0;71.0;37.0;39.0;37.0;35.0;85.0;177.0;211.0;68.0;36.0;39.0;40.0;36.0;69.0;144.0;255.0;75.0;70.0;36.0;35.0;48.0;104.0;255.0;255.0;136.0;124.0;68.0;66.0;137.0;82.0;255.0;255.0;255.0;255.0;58.0;51.0;255.0;255.0;255.0;0.0
255.0;255.0;255.0;138.0;131.0;255.0;255.0;255.0;255.0;142.0;65.0;66.0;59.0;70.0;140.0;255.0;255.0;67.0;74.0;38.0;34.0;41.0;100.0;255.0;133.0;81.0;62.0;40.0;37.0;38.0;67.0;121.0;138.0;77.0;37.0;39.0;44.0;36.0;69.0;108.0;255.0;81.0;42.0;37.0;36.0;61.0;121.0;255.0;255.0;134.0;82.0;63.0;36.0;92.0;108.0;255.0;255.0;255.0;255.0;135.0;139.0;255.0;255.0;255.0;0.0
255.0;255.0;255.0;152.0;147.0;255.0;255.0;255.0;255.0;141.0;80.0;57.0;59.0;65.0;128.0;255.0;255.0;90.0;47.0;33.0;34.0;58.0;68.0;255.0;123.0;67.0;36.0;46.0;38.0;32.0;68.0;104.0;139.0;67.0;35.0;37.0;38.0;35.0;67.0;99.0;255.0;72.0;48.0;34.0;34.0;56.0;68.0;255.0;255.0;126.0;60.0;39.0;85.0;95.0;123.0;255.0;255.0;255.0;255.0;122.0;121.0;255.0;255.0;255.0;0.0
255.0;255.0;255.0;139.0;147.0;255.0;255.0;255.0;255.0;157.0;70.0;65.0;60.0;66.0;159.0;255.0;255.0;71.0;69.0;37.0;35.0;47.0;74.0;255.0;191.0;71.0;39.0;42.0;41.0;34.0;102.0;171.0;164.0;66.0;36.0;40.0;38.0;34.0;80.0;168.0;255.0;138.0;61.0;36.0;37.0;42.0;101.0;255.0;255.0;99.0;100.0;43.0;39.0;89.0;98.0;255.0;255.0;255.0;255.0;77.0;67.0;255.0;255.0;255.0;0.0
255.0;255.0;255.0;136.0;124.0;255.0;255.0;255.0;255.0;174.0;63.0;58.0;56.0;66.0;134.0;255.0;255.0;65.0;57.0;38.0;35.0;39.0;108.0;255.0;202.0;70.0;38.0;45.0;39.0;34.0;69.0;177.0;164.0;70.0;39.0;38.0;37.0;37.0;69.0;202.0;255.0;125.0;51.0;36.0;36.0;45.0;88.0;255.0;255.0;88.0;64.0;101.0;38.0;85.0;144.0;255.0;255.0;255.0;255.0;65.0;74.0;255.0;255.0;255.0;0.0
255.0;255.0;255.0;195.0;205.0;255.0;255.0;255.0;255.0;208.0;68.0;74.0;64.0;65.0;173.0;255.0;255.0;70.0;73.0;37.0;35.0;42.0;123.0;255.0;196.0;71.0;36.0;42.0;39.0;35.0;70.0;88.0;195.0;73.0;37.0;40.0;37.0;35.0;68.0;86.0;255.0;93.0;56.0;36.0;37.0;49.0;129.0;255.0;255.0;201.0;94.0;40.0;45.0;127.0;80.0;255.0;255.0;255.0;255.0;172.0;128.0;255.0;255.0;255.0;0.0
255.0;255.0;255.0;157.0;150.0;255.0;255.0;255.0;255.0;133.0;72.0;59.0;67.0;95.0;156.0;255.0;255.0;72.0;49.0;34.0;35.0;40.0;99.0;255.0;152.0;71.0;37.0;39.0;40.0;35.0;72.0;128.0;146.0;78.0;39.0;39.0;39.0;35.0;73.0;118.0;255.0;93.0;66.0;37.0;35.0;39.0;94.0;255.0;255.0;127.0;59.0;78.0;85.0;115.0;119.0;255.0;255.0;255.0;255.0;144.0;141.0;255.0;255.0;255.0;0.0
255.0;255.0;255.0;160.0;138.0;255.0;255.0;255.0;255.0;162.0;67.0;63.0;56.0;63.0;139.0;255.0;255.0;68.0;47.0;36.0;33.0;38.0;83.0;255.0;137.0;68.0;37.0;37.0;43.0;34.0;90.0;136.0;117.0;66.0;35.0;38.0;39.0;35.0;82.0;127.0;255.0;97.0;43.0;35.0;36.0;40.0;94.0;255.0;255.0;89.0;115.0;44.0;36.0;137.0;133.0;255.0;255.0;255.0;255.0;106.0;126.0;255.0;255.0;255.0;0.0
255.0;255.0;255.0;206.0;188.0;255.0;255.0;255.0;255.0;182.0;87.0;80.0;73.0;74.0;146.0;255.0;255.0;92.0;61.0;35.0;35.0;40.0;88.0;255.0;147.0;111.0;38.0;39.0;39.0;36.0;68.0;130.0;138.0;112.0;37.0;40.0;39.0;36.0;66.0;133.0;255.0;104.0;69.0;36.0;36.0;54.0;76.0;255.0;255.0;119.0;73.0;47.0;38.0;87.0;135.0;255.0;255.0;255.0;255.0;162.0;176.0;255.0;255.0;255.0;0.0
255.0;255.0;255.0;197.0;202.0;255.0;255.0;255.0;255.0;226.0;70.0;62.0;69.0;67.0;208.0;255.0;255.0;74.0;75.0;37.0;35.0;69.0;68.0;255.0;190.0;141.0;38.0;40.0;40.0;36.0;68.0;186.0;120.0;69.0;37.0;40.0;41.0;34.0;68.0;182.0;255.0;83.0;63.0;36.0;36.0;66.0;75.0;255.0;255.0;61.0;89.0;76.0;43.0;111.0;162.0;255.0;255.0;255.0;255.0;61.0;56.0;255.0;255.0;255.0;0.0
255.0;255.0;255.0;133.0;121.0;255.0;255.0;255.0;255.0;142.0;66.0;62.0;62.0;68.0;154.0;255.0;255.0;67.0;43.0;32.0;35.0;42.0;98.0;255.0;158.0;73.0;35.0;38.0;35.0;36.0;81.0;155.0;152.0;72.0;34.0;39.0;36.0;36.0;72.0;152.0;255.0;81.0;70.0;35.0;34.0;50.0;89.0;255.0;255.0;88.0;79.0;61.0;36.0;80.0;105.0;255.0;255.0;255.0;255.0;59.0;69.0;255.0;255.0;255.0;0.0
255.0;255.0;255.0;99.0;113.0;255.0;255.0;255.0;255.0;127.0;67.0;58.0;72.0;94.0;147.0;255.0;255.0;68.0;48.0;33.0;32.0;38.0;101.0;255.0;195.0;69.0;33.0;46.0;41.0;33.0;71.0;197.0;196.0;70.0;35.0;36.0;35.0;34.0;70.0;184.0;255.0;67.0;60.0;34.0;35.0;48.0;112.0;255.0;255.0;119.0;53.0;38.0;61.0;106.0;115.0;255.0;255.0;255.0;255.0;86.0;76.0;255.0;255.0;255.0;0.0
255.0;255.0;255.0;204.0;184.0;255.0;255.0;255.0;255.0;149.0;68.0;61.0;57.0;67.0;152.0;255.0;255.0;73.0;64.0;34.0;35.0;43.0;73.0;255.0;157.0;64.0;37.0;38.0;37.0;34.0;78.0;129.0;141.0;66.0;35.0;40.0;36.0;34.0;88.0;123.0;255.0;106.0;52.0;35.0;36.0;50.0;105.0;255.0;255.0;143.0;92.0;57.0;41.0;100.0;120.0;255.0;255.0;255.0;255.0;142.0;170.0;255.0;255.0;255.0;0.0
255.0;255.0;255.0;110.0;121.0;255.0;255.0;255.0;255.0;134.0;71.0;57.0;67.0;103.0;146.0;255.0;255.0;65.0;57.0;35.0;35.0;40.0;101.0;255.0;145.0;68.0;36.0;41.0;36.0;34.0;82.0;146.0;126.0;71.0;35.0;40.0;38.0;36.0;81.0;142.0;255.0;94.0;64.0;38.0;35.0;48.0;103.0;255.0;255.0;108.0;96.0;57.0;57.0;107.0;125.0;255.0;255.0;255.0;255.0;99.0;103.0;255.0;255.0;255.0;0.0
255.0;255.0;255.0;142.0;150.0;255.0;255.0;255.0;255.0;149.0;69.0;63.0;70.0;62.0;168.0;255.0;255.0;73.0;53.0;36.0;37.0;42.0;69.0;255.0;165.0;128.0;40.0;42.0;40.0;36.0;67.0;154.0;147.0;75.0;39.0;41.0;40.0;37.0;67.0;151.0;255.0;77.0;58.0;36.0;37.0;39.0;72.0;255.0;255.0;103.0;78.0;39.0;39.0;123.0;110.0;255.0;255.0;255.0;255.0;77.0;72.0;255.0;255.0;255.0;0.0
255.0;255.0;255.0;134.0;124.0;255.0;255.0;255.0;255.0;138.0;79.0;60.0;69.0;104.0;127.0;255.0;255.0;78.0;51.0;34.0;33.0;36.0;115.0;255.0;141.0;116.0;37.0;47.0;45.0;34.0;64.0;128.0;141.0;63.0;36.0;36.0;38.0;34.0;72.0;120.0;255.0;79.0;59.0;36.0;34.0;47.0;76.0;255.0;255.0;120.0;54.0;39.0;34.0;87.0;113.0;255.0;255.0;255.0;255.0;109.0;103.0;255.0;255.0;255.0;0.0
255.0;255.0;255.0;155.0;159.0;255.0;255.0;255.0;255.0;145.0;79.0;64.0;81.0;78.0;145.0;255.0;255.0;80.0;46.0;35.0;34.0;41.0;73.0;255.0;152.0;76.0;33.0;34.0;36.0;34.0;76.0;148.0;152.0;79.0;35.0;37.0;38.0;34.0;93.0;145.0;255.0;80.0;67.0;33.0;36.0;50.0;74.0;255.0;255.0;99.0;61.0;51.0;62.0;86.0;134.0;255.0;255.0;255.0;255.0;116.0;129.0;255.0;255.0;255.0;0.0
255.0;255.0;255.0;212.0;212.0;255.0;255.0;255.0;255.0;236.0;62.0;66.0;62.0;66.0;208.0;255.0;255.0;68.0;46.0;34.0;32.0;44.0;69.0;255.0;167.0;66.0;35.0;38.0;35.0;35.0;67.0;188.0;122.0;71.0;35.0;38.0;37.0;35.0;99.0;187.0;255.0;156.0;64.0;33.0;35.0;50.0;106.0;255.0;255.0;57.0;59.0;41.0;57.0;97.0;126.0;255.0;255.0;255.0;255.0;49.0;55.0;255.0;255.0;255.0;0.0
255.0;255.0;255.0;180.0;173.0;255.0;255.0;255.0;255.0;144.0;66.0;59.0;61.0;64.0;145.0;255.0;255.0;74.0;64.0;35.0;35.0;48.0;74.0;255.0;178.0;65.0;36.0;38.0;40.0;32.0;81.0;119.0;168.0;66.0;35.0;35.0;37.0;33.0;85.0;114.0;255.0;124.0;51.0;36.0;34.0;42.0;105.0;255.0;255.0;173.0;92.0;73.0;38.0;108.0;120.0;255.0;255.0;255.0;255.0;181.0;163.0;255.0;255.0;255.0;0.0
255.0;255.0;255.0;138.0;143.0;255.0;255.0;255.0;255.0;160.0;89.0;67.0;64.0;92.0;150.0;255.0;255.0;86.0;51.0;36.0;37.0;46.0;102.0;255.0;169.0;66.0;37.0;41.0;47.0;37.0;77.0;143.0;144.0;64.0;36.0;38.0;45.0;36.0;76.0;149.0;255.0;99.0;49.0;37.0;34.0;36.0;125.0;255.0;255.0;85.0;75.0;51.0;55.0;115.0;138.0;255.0;255.0;255.0;255.0;76.0;89.0;255.0;255.0;255.0;0.0
255.0;255.0;255.0;138.0;144.0;255.0;255.0;255.0;255.0;149.0;63.0;58.0;63.0;65.0;157.0;255.0;255.0;69.0;61.0;34.0;34.0;51.0;70.0;255.0;163.0;68.0;37.0;37.0;40.0;35.0;82.0;103.0;141.0;66.0;35.0;39.0;43.0;32.0;81.0;99.0;255.0;94.0;49.0;35.0;35.0;56.0;102.0;255.0;255.0;147.0;102.0;61.0;38.0;80.0;100.0;255.0;255.0;255.0;255.0;119.0;77.0;255.0;255.0;255.0;0.0
255.0;255.0;255.0;162.0;158.0;255.0;255.0;255.0;255.0;187.0;66.0;59.0;57.0;62.0;199.0;255.0;255.0;68.0;70.0;35.0;38.0;70.0;65.0;255.0;208.0;65.0;36.0;37.0;37.0;34.0;80.0;152.0;203.0;125.0;35.0;35.0;42.0;35.0;74.0;111.0;255.0;194.0;63.0;33.0;36.0;73.0;118.0;255.0;255.0;192.0;118.0;44.0;36.0;109.0;74.0;255.0;255.0;255.0;255.0;68.0;50.0;255.0;255.0;255.0;0.0
255.0;255.0;255.0;142.0;127.0;255.0;255.0;255.0;255.0;157.0;70.0;61.0;57.0;69.0;138.0;255.0;255.0;76.0;64.0;34.0;33.0;51.0;83.0;255.0;150.0;66.0;36.0;38.0;37.0;33.0;83.0;154.0;152.0;68.0;35.0;38.0;37.0;34.0;76.0;124.0;255.0;79.0;49.0;35.0;36.0;43.0;99.0;255.0;255.0;88.0;118.0;47.0;37.0;93.0;104.0;255.0;255.0;255.0;255.0;69.0;72.0;255.0;255.0;255.0;0.0
255.0;255.0;255.0;173.0;157.0;255.0;255.0;255.0;255.0;194.0;67.0;57.0;60.0;66.0;151.0;255.0;255.0;70.0;70.0;36.0;34.0;39.0;69.0;255.0;188.0;68.0;39.0;41.0;40.0;33.0;113.0;154.0;187.0;68.0;39.0;39.0;42.0;34.0;65.0;142.0;255.0;113.0;53.0;37.0;35.0;65.0;62.0;255.0;255.0;111.0;78.0;61.0;70.0;85.0;113.0;255.0;255.0;255.0;255.0;92.0;98.0;255.0;255.0;255.0;1.0
255.0;255.0;255.0;140.0;143.0;255.0;255.0;255.0;255.0;150.0;62.0;59.0;58.0;64.0;140.0;255.0;255.0;69.0;45.0;35.0;35.0;50.0;68.0;255.0;153.0;66.0;38.0;41.0;39.0;35.0;73.0;149.0;158.0;128.0;38.0;43.0;38.0;35.0;66.0;125.0;255.0;95.0;37.0;35.0;36.0;56.0;108.0;255.0;255.0;78.0;62.0;38.0;39.0;76.0;86.0;255.0;255.0;255.0;255.0;57.0;58.0;255.0;255.0;255.0;1.0
255.0;255.0;255.0;123.0;119.0;255.0;255.0;255.0;255.0;140.0;66.0;64.0;68.0;61.0;130.0;255.0;255.0;72.0;63.0;36.0;36.0;53.0;65.0;255.0;156.0;75.0;37.0;38.0;45.0;37.0;63.0;126.0;149.0;71.0;37.0;37.0;37.0;37.0;79.0;123.0;255.0;77.0;50.0;36.0;36.0;68.0;103.0;255.0;255.0;113.0;59.0;60.0;64.0;136.0;92.0;255.0;255.0;255.0;255.0;71.0;69.0;255.0;255.0;255.0;1.0
255.0;255.0;255.0;160.0;170.0;255.0;255.0;255.0;255.0;164.0;60.0;65.0;64.0;60.0;177.0;255.0;255.0;42.0;37.0;35.0;33.0;57.0;63.0;255.0;161.0;46.0;35.0;39.0;39.0;35.0;64.0;172.0;97.0;51.0;36.0;40.0;53.0;37.0;67.0;162.0;255.0;73.0;36.0;36.0;34.0;73.0;67.0;255.0;255.0;81.0;54.0;73.0;35.0;71.0;151.0;255.0;255.0;255.0;255.0;82.0;101.0;255.0;255.0;255.0;1.0
255.0;255.0;255.0;130.0;124.0;255.0;255.0;255.0;255.0;151.0;60.0;66.0;64.0;64.0;118.0;255.0;255.0;67.0;69.0;37.0;36.0;52.0;71.0;255.0;138.0;69.0;37.0;41.0;40.0;36.0;92.0;125.0;137.0;65.0;37.0;39.0;38.0;37.0;80.0;131.0;255.0;116.0;48.0;37.0;35.0;44.0;93.0;255.0;255.0;108.0;70.0;43.0;43.0;104.0;109.0;255.0;255.0;255.0;255.0;100.0;92.0;255.0;255.0;255.0;1.0
255.0;255.0;255.0;180.0;184.0;255.0;255.0;255.0;255.0;151.0;66.0;59.0;63.0;73.0;154.0;255.0;255.0;69.0;46.0;35.0;34.0;66.0;88.0;255.0;161.0;66.0;36.0;39.0;39.0;35.0;127.0;107.0;163.0;64.0;38.0;41.0;37.0;35.0;80.0;104.0;255.0;78.0;77.0;37.0;36.0;67.0;97.0;255.0;255.0;172.0;74.0;70.0;91.0;108.0;113.0;255.0;255.0;255.0;255.0;153.0;134.0;255.0;255.0;255.0;1.0
255.0;255.0;255.0;126.0;145.0;255.0;255.0;255.0;255.0;117.0;58.0;60.0;57.0;63.0;181.0;255.0;255.0;68.0;50.0;33.0;34.0;252.0;66.0;255.0;159.0;62.0;35.0;47.0;37.0;36.0;88.0;137.0;181.0;64.0;37.0;41.0;36.0;36.0;73.0;110.0;255.0;75.0;79.0;34.0;34.0;68.0;128.0;255.0;255.0;200.0;69.0;47.0;36.0;122.0;81.0;255.0;255.0;255.0;255.0;116.0;81.0;255.0;255.0;255.0;1.0
255.0;255.0;255.0;195.0;178.0;255.0;255.0;255.0;255.0;172.0;63.0;61.0;58.0;59.0;204.0;255.0;255.0;76.0;67.0;35.0;37.0;52.0;66.0;255.0;124.0;75.0;36.0;39.0;38.0;37.0;66.0;197.0;108.0;58.0;36.0;45.0;42.0;36.0;65.0;183.0;255.0;73.0;64.0;34.0;35.0;58.0;67.0;255.0;255.0;78.0;87.0;66.0;69.0;83.0;171.0;255.0;255.0;255.0;255.0;89.0;135.0;255.0;255.0;255.0;1.0
255.0;255.0;255.0;121.0;130.0;255.0;255.0;255.0;255.0;119.0;67.0;61.0;60.0;61.0;147.0;255.0;255.0;71.0;59.0;35.0;35.0;61.0;69.0;255.0;136.0;82.0;35.0;42.0;37.0;35.0;76.0;129.0;139.0;94.0;38.0;40.0;36.0;34.0;55.0;112.0;255.0;131.0;60.0;36.0;35.0;41.0;71.0;255.0;255.0;124.0;86.0;60.0;79.0;45.0;91.0;255.0;255.0;255.0;255.0;86.0;80.0;255.0;255.0;255.0;1.0
255.0;255.0;255.0;150.0;150.0;255.0;255.0;255.0;255.0;121.0;61.0;59.0;67.0;69.0;135.0;255.0;255.0;66.0;43.0;35.0;34.0;63.0;67.0;255.0;151.0;71.0;36.0;40.0;39.0;36.0;60.0;134.0;147.0;103.0;38.0;37.0;39.0;35.0;68.0;116.0;255.0;83.0;60.0;36.0;36.0;41.0;117.0;255.0;255.0;147.0;66.0;91.0;43.0;113.0;115.0;255.0;255.0;255.0;255.0;136.0;128.0;255.0;255.0;255.0;1.0
255.0;255.0;255.0;118.0;131.0;255.0;255.0;255.0;255.0;115.0;64.0;59.0;59.0;62.0;160.0;255.0;255.0;72.0;48.0;36.0;34.0;71.0;67.0;255.0;144.0;69.0;37.0;39.0;41.0;36.0;71.0;150.0;144.0;60.0;36.0;38.0;36.0;35.0;80.0;139.0;255.0;93.0;54.0;36.0;36.0;44.0;137.0;255.0;255.0;153.0;64.0;43.0;41.0;127.0;133.0;255.0;255.0;255.0;255.0;114.0;130.0;255.0;255.0;255.0;1.0
255.0;255.0;255.0;149.0;155.0;255.0;255.0;255.0;255.0;137.0;63.0;59.0;61.0;68.0;151.0;255.0;255.0;70.0;62.0;37.0;34.0;37.0;101.0;255.0;152.0;69.0;38.0;40.0;37.0;35.0;82.0;110.0;149.0;75.0;38.0;39.0;38.0;36.0;58.0;116.0;255.0;90.0;48.0;36.0;34.0;63.0;110.0;255.0;255.0;130.0;79.0;66.0;48.0;117.0;114.0;255.0;255.0;255.0;255.0;139.0;142.0;255.0;255.0;255.0;1.0
255.0;255.0;255.0;189.0;206.0;255.0;255.0;255.0;255.0;206.0;66.0;64.0;64.0;64.0;123.0;255.0;255.0;69.0;72.0;36.0;35.0;62.0;95.0;255.0;207.0;75.0;39.0;41.0;40.0;35.0;86.0;67.0;208.0;76.0;38.0;41.0;41.0;34.0;64.0;65.0;255.0;83.0;64.0;37.0;36.0;52.0;86.0;255.0;255.0;196.0;60.0;71.0;37.0;77.0;74.0;255.0;255.0;255.0;255.0;196.0;162.0;255.0;255.0;255.0;1.0
255.0;255.0;255.0;218.0;216.0;255.0;255.0;255.0;255.0;212.0;69.0;102.0;74.0;71.0;213.0;255.0;255.0;71.0;39.0;36.0;33.0;44.0;67.0;255.0;222.0;67.0;38.0;40.0;39.0;35.0;69.0;203.0;204.0;143.0;36.0;43.0;44.0;37.0;61.0;201.0;255.0;147.0;58.0;35.0;36.0;81.0;71.0;255.0;255.0;77.0;91.0;49.0;47.0;82.0;84.0;255.0;255.0;255.0;255.0;46.0;42.0;255.0;255.0;255.0;1.0
255.0;255.0;255.0;137.0;145.0;255.0;255.0;255.0;255.0;140.0;62.0;59.0;58.0;61.0;137.0;255.0;255.0;70.0;72.0;36.0;35.0;48.0;62.0;255.0;150.0;63.0;44.0;49.0;42.0;37.0;68.0;129.0;116.0;72.0;38.0;39.0;39.0;36.0;75.0;119.0;255.0;112.0;141.0;36.0;36.0;39.0;118.0;255.0;255.0;81.0;54.0;46.0;37.0;82.0;111.0;255.0;255.0;255.0;255.0;73.0;72.0;255.0;255.0;255.0;1.0
255.0;255.0;255.0;106.0;121.0;255.0;255.0;255.0;255.0;95.0;102.0;84.0;87.0;96.0;127.0;255.0;255.0;107.0;40.0;38.0;34.0;61.0;65.0;255.0;138.0;107.0;36.0;47.0;41.0;37.0;91.0;131.0;146.0;76.0;36.0;38.0;41.0;37.0;67.0;116.0;255.0;132.0;45.0;37.0;37.0;63.0;65.0;255.0;255.0;132.0;98.0;59.0;131.0;69.0;90.0;255.0;255.0;255.0;255.0;109.0;99.0;255.0;255.0;255.0;1.0
255.0;255.0;255.0;193.0;161.0;255.0;255.0;255.0;255.0;152.0;69.0;66.0;63.0;59.0;173.0;255.0;255.0;82.0;68.0;37.0;36.0;62.0;66.0;255.0;131.0;86.0;38.0;43.0;37.0;37.0;90.0;173.0;106.0;93.0;39.0;42.0;36.0;37.0;63.0;175.0;255.0;150.0;37.0;36.0;34.0;75.0;70.0;255.0;255.0;85.0;77.0;64.0;66.0;88.0;171.0;255.0;255.0;255.0;255.0;121.0;168.0;255.0;255.0;255.0;1.0
255.0;255.0;255.0;125.0;135.0;255.0;255.0;255.0;255.0;133.0;62.0;59.0;63.0;64.0;145.0;255.0;255.0;71.0;64.0;33.0;35.0;90.0;73.0;255.0;165.0;66.0;39.0;40.0;40.0;35.0;85.0;140.0;160.0;59.0;39.0;45.0;39.0;35.0;80.0;125.0;255.0;74.0;69.0;39.0;36.0;42.0;124.0;255.0;255.0;119.0;73.0;53.0;64.0;134.0;82.0;255.0;255.0;255.0;255.0;88.0;80.0;255.0;255.0;255.0;1.0
255.0;255.0;255.0;158.0;159.0;255.0;255.0;255.0;255.0;163.0;59.0;65.0;59.0;61.0;136.0;255.0;255.0;63.0;50.0;35.0;35.0;49.0;69.0;255.0;135.0;64.0;38.0;44.0;40.0;34.0;86.0;99.0;123.0;56.0;36.0;45.0;36.0;35.0;74.0;119.0;255.0;57.0;41.0;35.0;37.0;49.0;119.0;255.0;255.0;116.0;63.0;152.0;39.0;98.0;138.0;255.0;255.0;255.0;255.0;111.0;108.0;255.0;255.0;255.0;1.0
255.0;255.0;255.0;112.0;118.0;255.0;255.0;255.0;255.0;149.0;69.0;59.0;60.0;68.0;150.0;255.0;255.0;69.0;50.0;37.0;33.0;183.0;72.0;255.0;168.0;65.0;49.0;46.0;39.0;36.0;63.0;172.0;156.0;97.0;39.0;43.0;42.0;37.0;75.0;180.0;255.0;140.0;67.0;35.0;35.0;94.0;110.0;255.0;255.0;101.0;62.0;65.0;67.0;86.0;134.0;255.0;255.0;255.0;255.0;81.0;85.0;255.0;255.0;255.0;1.0
255.0;255.0;255.0;129.0;136.0;255.0;255.0;255.0;255.0;131.0;65.0;62.0;62.0;65.0;126.0;255.0;255.0;70.0;65.0;34.0;34.0;49.0;68.0;255.0;137.0;76.0;37.0;44.0;40.0;34.0;94.0;114.0;140.0;69.0;35.0;36.0;37.0;35.0;73.0;105.0;255.0;89.0;82.0;35.0;34.0;67.0;94.0;255.0;255.0;134.0;89.0;39.0;36.0;100.0;103.0;255.0;255.0;255.0;255.0;122.0;115.0;255.0;255.0;255.0;1.0
255.0;255.0;255.0;158.0;166.0;255.0;255.0;255.0;255.0;164.0;65.0;57.0;66.0;73.0;163.0;255.0;255.0;73.0;43.0;35.0;35.0;57.0;102.0;255.0;153.0;70.0;36.0;38.0;40.0;34.0;75.0;92.0;165.0;71.0;35.0;41.0;37.0;34.0;73.0;80.0;255.0;88.0;67.0;34.0;35.0;47.0;93.0;255.0;255.0;174.0;61.0;56.0;59.0;85.0;75.0;255.0;255.0;255.0;255.0;103.0;78.0;255.0;255.0;255.0;1.0
255.0;255.0;255.0;120.0;115.0;255.0;255.0;255.0;255.0;136.0;67.0;55.0;65.0;66.0;121.0;255.0;255.0;71.0;57.0;33.0;35.0;96.0;69.0;255.0;151.0;77.0;36.0;40.0;39.0;35.0;86.0;132.0;138.0;105.0;36.0;39.0;38.0;34.0;92.0;141.0;255.0;86.0;67.0;36.0;35.0;42.0;73.0;255.0;255.0;103.0;102.0;62.0;94.0;86.0;107.0;255.0;255.0;255.0;255.0;72.0;78.0;255.0;255.0;255.0;1.0
255.0;255.0;255.0;194.0;188.0;255.0;255.0;255.0;255.0;201.0;63.0;64.0;66.0;62.0;185.0;255.0;255.0;71.0;48.0;36.0;35.0;66.0;67.0;255.0;192.0;63.0;38.0;40.0;38.0;35.0;74.0;122.0;190.0;115.0;37.0;39.0;35.0;35.0;94.0;87.0;255.0;118.0;168.0;34.0;33.0;66.0;110.0;255.0;255.0;187.0;100.0;53.0;70.0;137.0;71.0;255.0;255.0;255.0;255.0;68.0;56.0;255.0;255.0;255.0;1.0
255.0;255.0;255.0;148.0;144.0;255.0;255.0;255.0;255.0;157.0;60.0;60.0;55.0;69.0;137.0;255.0;255.0;72.0;54.0;35.0;36.0;50.0;105.0;255.0;136.0;66.0;38.0;44.0;41.0;34.0;83.0;131.0;120.0;62.0;37.0;39.0;36.0;34.0;72.0;124.0;255.0;113.0;161.0;35.0;35.0;67.0;101.0;255.0;255.0;86.0;109.0;73.0;42.0;123.0;133.0;255.0;255.0;255.0;255.0;83.0;93.0;255.0;255.0;255.0;1.0
255.0;255.0;255.0;127.0;131.0;255.0;255.0;255.0;255.0;154.0;63.0;56.0;58.0;69.0;144.0;255.0;255.0;62.0;78.0;36.0;33.0;40.0;75.0;255.0;131.0;62.0;37.0;40.0;39.0;37.0;78.0;114.0;117.0;64.0;35.0;46.0;48.0;36.0;95.0;124.0;255.0;88.0;59.0;35.0;34.0;36.0;113.0;255.0;255.0;91.0;113.0;38.0;50.0;105.0;124.0;255.0;255.0;255.0;255.0;110.0;114.0;255.0;255.0;255.0;1.0
255.0;255.0;255.0;170.0;168.0;255.0;255.0;255.0;255.0;178.0;62.0;57.0;60.0;119.0;134.0;255.0;255.0;68.0;44.0;34.0;35.0;51.0;94.0;255.0;162.0;70.0;36.0;39.0;39.0;35.0;68.0;88.0;152.0;70.0;36.0;40.0;38.0;35.0;67.0;83.0;255.0;81.0;46.0;35.0;32.0;56.0;128.0;255.0;255.0;166.0;58.0;72.0;46.0;97.0;86.0;255.0;255.0;255.0;255.0;142.0;118.0;255.0;255.0;255.0;1.0
255.0;255.0;255.0;124.0;114.0;255.0;255.0;255.0;255.0;145.0;72.0;61.0;68.0;81.0;127.0;255.0;255.0;79.0;49.0;35.0;34.0;43.0;106.0;255.0;134.0;62.0;35.0;39.0;36.0;35.0;120.0;119.0;122.0;63.0;36.0;41.0;40.0;36.0;72.0;124.0;255.0;80.0;71.0;35.0;37.0;48.0;116.0;255.0;255.0;106.0;61.0;52.0;47.0;86.0;111.0;255.0;255.0;255.0;255.0;107.0;113.0;255.0;255.0;255.0;1.0
255.0;255.0;255.0;136.0;133.0;255.0;255.0;255.0;255.0;131.0;70.0;73.0;69.0;93.0;115.0;255.0;255.0;73.0;52.0;40.0;37.0;38.0;113.0;255.0;133.0;72.0;42.0;51.0;47.0;36.0;84.0;116.0;119.0;68.0;38.0;45.0;40.0;37.0;80.0;117.0;255.0;66.0;64.0;37.0;38.0;47.0;83.0;255.0;255.0;92.0;54.0;71.0;51.0;114.0;106.0;255.0;255.0;255.0;255.0;101.0;107.0;255.0;255.0;255.0;1.0
255.0;255.0;255.0;129.0;123.0;255.0;255.0;255.0;255.0;137.0;80.0;57.0;58.0;60.0;141.0;255.0;255.0;82.0;51.0;37.0;37.0;62.0;67.0;255.0;155.0;98.0;36.0;40.0;39.0;34.0;67.0;117.0;140.0;86.0;37.0;40.0;43.0;35.0;77.0;102.0;255.0;90.0;46.0;37.0;35.0;38.0;94.0;255.0;255.0;129.0;92.0;42.0;75.0;121.0;86.0;255.0;255.0;255.0;255.0;116.0;90.0;255.0;255.0;255.0;1.0
255.0;255.0;255.0;122.0;115.0;255.0;255.0;255.0;255.0;160.0;62.0;64.0;65.0;64.0;110.0;255.0;255.0;66.0;39.0;36.0;36.0;99.0;66.0;255.0;154.0;64.0;36.0;39.0;38.0;34.0;93.0;134.0;164.0;66.0;34.0;35.0;37.0;34.0;75.0;132.0;255.0;100.0;39.0;36.0;34.0;46.0;116.0;255.0;255.0;154.0;101.0;40.0;37.0;96.0;129.0;255.0;255.0;255.0;255.0;139.0;133.0;255.0;255.0;255.0;1.0
255.0;255.0;255.0;143.0;151.0;255.0;255.0;255.0;255.0;164.0;60.0;57.0;59.0;63.0;156.0;255.0;255.0;86.0;49.0;34.0;35.0;65.0;65.0;255.0;140.0;99.0;38.0;39.0;38.0;35.0;64.0;156.0;104.0;74.0;36.0;37.0;41.0;35.0;63.0;151.0;255.0;119.0;36.0;34.0;34.0;46.0;65.0;255.0;255.0;62.0;94.0;70.0;65.0;78.0;139.0;255.0;255.0;255.0;255.0;60.0;73.0;255.0;255.0;255.0;1.0
255.0;255.0;255.0;186.0;196.0;255.0;255.0;255.0;255.0;201.0;62.0;63.0;83.0;123.0;120.0;255.0;255.0;66.0;68.0;40.0;41.0;36.0;124.0;255.0;201.0;75.0;38.0;41.0;36.0;33.0;68.0;73.0;202.0;81.0;35.0;43.0;40.0;36.0;68.0;65.0;255.0;73.0;76.0;37.0;34.0;43.0;95.0;255.0;255.0;191.0;45.0;64.0;70.0;89.0;70.0;255.0;255.0;255.0;255.0;164.0;109.0;255.0;255.0;255.0;1.0
255.0;255.0;255.0;196.0;192.0;255.0;255.0;255.0;255.0;207.0;59.0;62.0;62.0;60.0;172.0;255.0;255.0;65.0;69.0;35.0;34.0;107.0;66.0;255.0;144.0;68.0;37.0;38.0;38.0;34.0;95.0;159.0;117.0;58.0;36.0;37.0;36.0;33.0;71.0;161.0;255.0;133.0;67.0;35.0;34.0;41.0;107.0;255.0;255.0;64.0;70.0;67.0;65.0;108.0;160.0;255.0;255.0;255.0;255.0;58.0;65.0;255.0;255.0;255.0;1.0
255.0;255.0;255.0;125.0;129.0;255.0;255.0;255.0;255.0;154.0;59.0;58.0;57.0;61.0;133.0;255.0;255.0;68.0;59.0;35.0;32.0;72.0;66.0;255.0;121.0;65.0;38.0;38.0;37.0;36.0;68.0;128.0;97.0;78.0;37.0;36.0;42.0;35.0;99.0;121.0;255.0;123.0;54.0;34.0;34.0;66.0;115.0;255.0;255.0;77.0;52.0;42.0;40.0;81.0;122.0;255.0;255.0;255.0;255.0;77.0;80.0;255.0;255.0;255.0;1.0
255.0;255.0;255.0;117.0;143.0;255.0;255.0;255.0;255.0;113.0;80.0;62.0;83.0;189.0;142.0;255.0;255.0;70.0;43.0;33.0;34.0;41.0;73.0;255.0;124.0;68.0;36.0;39.0;36.0;35.0;68.0;126.0;131.0;110.0;35.0;40.0;41.0;35.0;63.0;117.0;255.0;109.0;44.0;37.0;35.0;41.0;67.0;255.0;255.0;138.0;57.0;44.0;47.0;68.0;119.0;255.0;255.0;255.0;255.0;132.0;128.0;255.0;255.0;255.0;1.0
255.0;255.0;255.0;141.0;139.0;255.0;255.0;255.0;255.0;139.0;62.0;64.0;60.0;62.0;133.0;255.0;255.0;67.0;70.0;36.0;36.0;69.0;68.0;255.0;157.0;63.0;37.0;39.0;38.0;34.0;96.0;139.0;157.0;91.0;37.0;42.0;39.0;34.0;83.0;116.0;255.0;111.0;51.0;34.0;36.0;50.0;93.0;255.0;255.0;105.0;104.0;42.0;40.0;114.0;94.0;255.0;255.0;255.0;255.0;86.0;71.0;255.0;255.0;255.0;1.0
255.0;255.0;255.0;135.0;141.0;255.0;255.0;255.0;255.0;140.0;86.0;78.0;59.0;65.0;125.0;255.0;255.0;83.0;54.0;39.0;36.0;53.0;71.0;255.0;135.0;106.0;39.0;41.0;39.0;39.0;65.0;126.0;154.0;106.0;38.0;39.0;42.0;40.0;66.0;109.0;255.0;124.0;57.0;36.0;37.0;59.0;72.0;255.0;255.0;138.0;107.0;66.0;93.0;103.0;97.0;255.0;255.0;255.0;255.0;98.0;88.0;255.0;255.0;255.0;1.0
255.0;255.0;255.0;114.0;99.0;255.0;255.0;255.0;255.0;135.0;71.0;79.0;82.0;86.0;108.0;255.0;255.0;72.0;51.0;34.0;34.0;40.0;198.0;255.0;146.0;63.0;37.0;38.0;47.0;36.0;85.0;137.0;149.0;67.0;35.0;37.0;37.0;35.0;83.0;113.0;255.0;99.0;105.0;35.0;35.0;47.0;97.0;255.0;255.0;127.0;56.0;49.0;39.0;84.0;106.0;255.0;255.0;255.0;255.0;80.0;87.0;255.0;255.0;255.0;1.0
255.0;255.0;255.0;119.0;112.0;255.0;255.0;255.0;255.0;137.0;68.0;57.0;57.0;61.0;134.0;255.0;255.0;73.0;59.0;34.0;35.0;40.0;75.0;255.0;141.0;68.0;38.0;41.0;35.0;34.0;85.0;133.0;142.0;66.0;39.0;46.0;38.0;36.0;76.0;127.0;255.0;81.0;159.0;35.0;37.0;85.0;84.0;255.0;255.0;119.0;78.0;47.0;36.0;123.0;125.0;255.0;255.0;255.0;255.0;95.0;113.0;255.0;255.0;255.0;1.0
255.0;255.0;255.0;184.0;167.0;255.0;255.0;255.0;255.0;190.0;71.0;56.0;59.0;60.0;168.0;255.0;255.0;102.0;56.0;35.0;38.0;47.0;65.0;255.0;108.0;73.0;40.0;40.0;39.0;36.0;69.0;174.0;84.0;69.0;36.0;45.0;47.0;37.0;69.0;175.0;255.0;120.0;69.0;38.0;37.0;151.0;67.0;255.0;255.0;59.0;56.0;50.0;58.0;106.0;177.0;255.0;255.0;255.0;255.0;73.0;93.0;255.0;255.0;255.0;1.0
255.0;255.0;255.0;132.0;137.0;255.0;255.0;255.0;255.0;138.0;70.0;62.0;62.0;65.0;113.0;255.0;255.0;79.0;73.0;35.0;37.0;45.0;71.0;255.0;128.0;79.0;38.0;40.0;40.0;37.0;73.0;105.0;134.0;104.0;36.0;38.0;40.0;36.0;84.0;111.0;255.0;114.0;48.0;38.0;35.0;50.0;134.0;255.0;255.0;109.0;74.0;45.0;44.0;101.0;123.0;255.0;255.0;255.0;255.0;114.0;109.0;255.0;255.0;255.0;1.0
255.0;255.0;255.0;190.0;193.0;255.0;255.0;255.0;255.0;203.0;65.0;57.0;62.0;63.0;205.0;255.0;255.0;111.0;50.0;35.0;35.0;44.0;65.0;255.0;213.0;80.0;36.0;39.0;36.0;35.0;67.0;191.0;184.0;79.0;36.0;39.0;46.0;34.0;64.0;187.0;255.0;66.0;66.0;37.0;33.0;42.0;85.0;255.0;255.0;75.0;91.0;53.0;84.0;117.0;95.0;255.0;255.0;255.0;255.0;46.0;51.0;255.0;255.0;255.0;0.0
255.0;255.0;255.0;146.0;152.0;255.0;255.0;255.0;255.0;139.0;65.0;61.0;59.0;62.0;155.0;255.0;255.0;70.0;52.0;34.0;34.0;45.0;70.0;255.0;146.0;69.0;36.0;37.0;39.0;37.0;98.0;119.0;147.0;68.0;35.0;37.0;41.0;33.0;82.0;106.0;255.0;98.0;53.0;37.0;35.0;42.0;95.0;255.0;255.0;150.0;112.0;63.0;39.0;117.0;101.0;255.0;255.0;255.0;255.0;117.0;107.0;255.0;255.0;255.0;0.0
255.0;255.0;255.0;132.0;140.0;255.0;255.0;255.0;255.0;138.0;97.0;69.0;63.0;66.0;160.0;255.0;255.0;119.0;50.0;35.0;36.0;39.0;71.0;255.0;165.0;77.0;37.0;39.0;37.0;32.0;67.0;143.0;170.0;74.0;36.0;39.0;38.0;34.0;79.0;147.0;255.0;123.0;67.0;37.0;36.0;56.0;69.0;255.0;255.0;141.0;93.0;96.0;65.0;87.0;128.0;255.0;255.0;255.0;255.0;148.0;131.0;255.0;255.0;255.0;0.0
255.0;255.0;255.0;181.0;171.0;255.0;255.0;255.0;255.0;161.0;69.0;59.0;59.0;66.0;159.0;255.0;255.0;76.0;42.0;35.0;35.0;39.0;82.0;255.0;158.0;67.0;36.0;37.0;37.0;34.0;71.0;153.0;130.0;90.0;35.0;36.0;38.0;33.0;69.0;132.0;255.0;117.0;47.0;35.0;34.0;53.0;83.0;255.0;255.0;128.0;93.0;76.0;64.0;101.0;125.0;255.0;255.0;255.0;255.0;151.0;185.0;255.0;255.0;255.0;0.0
255.0;255.0;255.0;144.0;145.0;255.0;255.0;255.0;255.0;151.0;71.0;61.0;65.0;66.0;146.0;255.0;255.0;72.0;54.0;33.0;33.0;41.0;71.0;255.0;126.0;63.0;39.0;38.0;37.0;33.0;82.0;119.0;135.0;67.0;37.0;37.0;40.0;35.0;85.0;112.0;255.0;81.0;43.0;36.0;34.0;45.0;109.0;255.0;255.0;132.0;75.0;40.0;39.0;119.0;124.0;255.0;255.0;255.0;255.0;117.0;137.0;255.0;255.0;255.0;0.0
255.0;255.0;255.0;137.0;147.0;255.0;255.0;255.0;255.0;146.0;76.0;59.0;61.0;74.0;137.0;255.0;255.0;75.0;67.0;37.0;35.0;42.0;84.0;255.0;150.0;72.0;38.0;39.0;44.0;35.0;114.0;104.0;148.0;71.0;38.0;39.0;40.0;36.0;113.0;103.0;255.0;98.0;68.0;36.0;36.0;42.0;99.0;255.0;255.0;149.0;64.0;59.0;57.0;117.0;97.0;255.0;255.0;255.0;255.0;122.0;101.0;255.0;255.0;255.0;0.0
255.0;255.0;255.0;104.0;112.0;255.0;255.0;255.0;255.0;123.0;72.0;64.0;63.0;67.0;150.0;255.0;255.0;86.0;70.0;36.0;32.0;65.0;71.0;255.0;145.0;77.0;35.0;37.0;37.0;36.0;67.0;125.0;152.0;111.0;35.0;46.0;40.0;32.0;70.0;111.0;255.0;108.0;79.0;34.0;35.0;65.0;107.0;255.0;255.0;146.0;98.0;36.0;37.0;109.0;99.0;255.0;255.0;255.0;255.0;85.0;92.0;255.0;255.0;255.0;0.0
255.0;255.0;255.0;141.0;141.0;255.0;255.0;255.0;255.0;141.0;82.0;62.0;66.0;62.0;144.0;255.0;255.0;94.0;66.0;37.0;35.0;51.0;68.0;255.0;132.0;100.0;38.0;39.0;41.0;36.0;67.0;117.0;141.0;86.0;39.0;38.0;38.0;34.0;67.0;101.0;255.0;109.0;45.0;37.0;36.0;37.0;83.0;255.0;255.0;128.0;116.0;47.0;45.0;139.0;100.0;255.0;255.0;255.0;255.0;110.0;104.0;255.0;255.0;255.0;0.0
255.0;255.0;255.0;145.0;147.0;255.0;255.0;255.0;255.0;160.0;60.0;58.0;58.0;63.0;132.0;255.0;255.0;70.0;46.0;34.0;34.0;45.0;85.0;255.0;155.0;71.0;34.0;37.0;40.0;35.0;102.0;120.0;139.0;73.0;36.0;37.0;37.0;35.0;76.0;114.0;255.0;104.0;37.0;34.0;35.0;43.0;102.0;255.0;255.0;122.0;66.0;106.0;41.0;89.0;110.0;255.0;255.0;255.0;255.0;124.0;114.0;255.0;255.0;255.0;0.0
255.0;255.0;255.0;94.0;111.0;255.0;255.0;255.0;255.0;101.0;63.0;60.0;59.0;65.0;164.0;255.0;255.0;74.0;37.0;35.0;33.0;65.0;68.0;255.0;134.0;103.0;35.0;39.0;40.0;34.0;67.0;144.0;162.0;73.0;33.0;35.0;39.0;36.0;66.0;130.0;255.0;86.0;45.0;35.0;35.0;49.0;69.0;255.0;255.0;168.0;59.0;38.0;44.0;98.0;120.0;255.0;255.0;255.0;255.0;116.0;117.0;255.0;255.0;255.0;0.0
255.0;255.0;255.0;163.0;169.0;255.0;255.0;255.0;255.0;200.0;102.0;56.0;61.0;62.0;186.0;255.0;255.0;87.0;44.0;33.0;33.0;40.0;70.0;255.0;192.0;67.0;38.0;38.0;35.0;35.0;68.0;185.0;143.0;64.0;35.0;36.0;45.0;34.0;67.0;183.0;255.0;111.0;54.0;36.0;33.0;61.0;68.0;255.0;255.0;65.0;97.0;89.0;45.0;84.0;136.0;255.0;255.0;255.0;255.0;57.0;64.0;255.0;255.0;255.0;0.0
255.0;255.0;255.0;137.0;138.0;255.0;255.0;255.0;255.0;139.0;77.0;58.0;62.0;64.0;161.0;255.0;255.0;87.0;51.0;37.0;36.0;40.0;68.0;255.0;179.0;112.0;39.0;38.0;40.0;36.0;65.0;155.0;170.0;77.0;36.0;40.0;39.0;35.0;67.0;136.0;255.0;117.0;72.0;38.0;35.0;42.0;82.0;255.0;255.0;167.0;93.0;44.0;71.0;120.0;114.0;255.0;255.0;255.0;255.0;121.0;106.0;255.0;255.0;255.0;0.0
255.0;255.0;255.0;153.0;150.0;255.0;255.0;255.0;255.0;150.0;63.0;70.0;61.0;66.0;140.0;255.0;255.0;68.0;65.0;35.0;36.0;37.0;109.0;255.0;156.0;71.0;37.0;42.0;39.0;36.0;73.0;90.0;145.0;73.0;37.0;42.0;39.0;35.0;70.0;85.0;255.0;66.0;79.0;34.0;36.0;73.0;111.0;255.0;255.0;134.0;56.0;61.0;38.0;124.0;81.0;255.0;255.0;255.0;255.0;111.0;94.0;255.0;255.0;255.0;0.0
255.0;255.0;255.0;141.0;121.0;255.0;255.0;255.0;255.0;212.0;69.0;59.0;74.0;86.0;105.0;255.0;255.0;67.0;72.0;36.0;35.0;65.0;88.0;255.0;196.0;67.0;37.0;40.0;42.0;37.0;122.0;138.0;165.0;69.0;37.0;39.0;40.0;37.0;100.0;171.0;255.0;110.0;69.0;36.0;36.0;68.0;140.0;255.0;255.0;104.0;100.0;57.0;42.0;122.0;183.0;255.0;255.0;255.0;255.0;112.0;131.0;255.0;255.0;255.0;0.0
255.0;255.0;255.0;151.0;138.0;255.0;255.0;255.0;255.0;142.0;78.0;71.0;69.0;100.0;99.0;255.0;255.0;78.0;63.0;35.0;35.0;58.0;114.0;255.0;145.0;68.0;35.0;41.0;39.0;35.0;103.0;102.0;145.0;69.0;37.0;38.0;38.0;35.0;103.0;101.0;255.0;105.0;60.0;36.0;35.0;54.0;142.0;255.0;255.0;133.0;57.0;60.0;41.0;114.0;103.0;255.0;255.0;255.0;255.0;130.0;125.0;255.0;255.0;255.0;0.0
255.0;255.0;255.0;144.0;147.0;255.0;255.0;255.0;255.0;119.0;59.0;59.0;67.0;82.0;138.0;255.0;255.0;72.0;45.0;33.0;35.0;74.0;134.0;255.0;143.0;69.0;36.0;42.0;35.0;36.0;89.0;129.0;142.0;72.0;34.0;38.0;41.0;37.0;83.0;117.0;255.0;91.0;45.0;36.0;35.0;55.0;86.0;255.0;255.0;132.0;67.0;62.0;68.0;102.0;112.0;255.0;255.0;255.0;255.0;130.0;137.0;255.0;255.0;255.0;0.0
255.0;255.0;255.0;174.0;159.0;255.0;255.0;255.0;255.0;175.0;74.0;59.0;76.0;82.0;141.0;255.0;255.0;74.0;60.0;36.0;35.0;42.0;118.0;255.0;176.0;72.0;39.0;41.0;41.0;36.0;76.0;153.0;176.0;75.0;37.0;41.0;42.0;36.0;74.0;140.0;255.0;82.0;69.0;36.0;37.0;44.0;107.0;255.0;255.0;104.0;62.0;38.0;50.0;127.0;105.0;255.0;255.0;255.0;255.0;76.0;72.0;255.0;255.0;255.0;0.0
255.0;255.0;255.0;130.0;130.0;255.0;255.0;255.0;255.0;166.0;60.0;58.0;64.0;78.0;114.0;255.0;255.0;70.0;68.0;36.0;35.0;51.0;110.0;255.0;150.0;76.0;38.0;39.0;37.0;34.0;73.0;80.0;141.0;75.0;37.0;41.0;49.0;36.0;73.0;102.0;255.0;114.0;50.0;35.0;35.0;45.0;130.0;255.0;255.0;138.0;73.0;65.0;71.0;149.0;154.0;255.0;255.0;255.0;255.0;143.0;120.0;255.0;255.0;255.0;0.0
255.0;255.0;255.0;130.0;129.0;255.0;255.0;255.0;255.0;142.0;71.0;61.0;58.0;66.0;145.0;255.0;255.0;72.0;38.0;37.0;34.0;41.0;77.0;255.0;147.0;64.0;34.0;37.0;34.0;34.0;77.0;130.0;149.0;69.0;36.0;42.0;41.0;35.0;104.0;128.0;255.0;89.0;42.0;38.0;36.0;54.0;104.0;255.0;255.0;102.0;119.0;64.0;46.0;93.0;131.0;255.0;255.0;255.0;255.0;118.0;134.0;255.0;255.0;255.0;0.0
255.0;255.0;255.0;152.0;154.0;255.0;255.0;255.0;255.0;170.0;108.0;105.0;113.0;102.0;126.0;255.0;255.0;81.0;39.0;35.0;33.0;40.0;87.0;255.0;158.0;86.0;36.0;38.0;37.0;34.0;79.0;124.0;151.0;68.0;35.0;36.0;38.0;34.0;77.0;122.0;255.0;108.0;47.0;34.0;34.0;42.0;71.0;255.0;255.0;155.0;54.0;38.0;57.0;89.0;158.0;255.0;255.0;255.0;255.0;162.0;167.0;255.0;255.0;255.0;0.0
